Price,Adj Close,Close,High,Low,Open,Volume
Ticker,AAPL,AAPL,AAPL,AAPL,AAPL,AAPL
Date,,,,,,
2020-01-02 00:00:00+00:00,72.87611389160156,75.0875015258789,75.1500015258789,73.79750061035156,74.05999755859375,135480400
2020-01-03 00:00:00+00:00,72.1676025390625,74.35749816894531,75.1449966430664,74.125,74.2874984741211,146322800
2020-01-06 00:00:00+00:00,72.74264526367188,74.94999694824219,74.98999786376953,73.1875,73.44750213623047,118387200
2020-01-07 00:00:00+00:00,72.40054321289062,74.59750366210938,75.2249984741211,74.37000274658203,74.95999908447266,108872000
2020-01-08 00:00:00+00:00,73.56519317626953,75.79750061035156,76.11000061035156,74.29000091552734,74.29000091552734,132079200
2020-01-09 00:00:00+00:00,75.1277847290039,77.40750122070312,77.60749816894531,76.55000305175781,76.80999755859375,170108400
2020-01-10 00:00:00+00:00,75.2976303100586,77.5824966430664,78.1675033569336,77.0625,77.6500015258789,140644800
2020-01-13 00:00:00+00:00,76.90630340576172,79.23999786376953,79.26750183105469,77.7874984741211,77.91000366210938,121532000
2020-01-14 00:00:00+00:00,75.8678207397461,78.16999816894531,79.39250183105469,78.0425033569336,79.17500305175781,161954400
2020-01-15 00:00:00+00:00,75.54269409179688,77.83499908447266,78.875,77.38749694824219,77.9625015258789,121923600
2020-01-16 00:00:00+00:00,76.48896789550781,78.80999755859375,78.92500305175781,78.02249908447266,78.39749908447266,108829200
2020-01-17 00:00:00+00:00,77.33578491210938,79.68250274658203,79.68499755859375,78.75,79.06749725341797,137816400
2020-01-21 00:00:00+00:00,76.81169891357422,79.14250183105469,79.75499725341797,79.0,79.29750061035156,110843200
2020-01-22 00:00:00+00:00,77.08587646484375,79.42500305175781,79.99749755859375,79.32749938964844,79.6449966430664,101832400
2020-01-23 00:00:00+00:00,77.45710754394531,79.80750274658203,79.88999938964844,78.9124984741211,79.4800033569336,104472000
2020-01-24 00:00:00+00:00,77.23387145996094,79.57749938964844,80.8324966430664,79.37999725341797,80.0625,146537600
2020-01-27 00:00:00+00:00,74.96280670166016,77.23750305175781,77.94249725341797,76.22000122070312,77.51499938964844,161940000
2020-01-28 00:00:00+00:00,77.08342742919922,79.42250061035156,79.5999984741211,78.04750061035156,78.1500015258789,162234000
2020-01-29 00:00:00+00:00,78.69696807861328,81.08499908447266,81.9625015258789,80.34500122070312,81.11250305175781,216229200
2020-01-30 00:00:00+00:00,78.58294677734375,80.96749877929688,81.02249908447266,79.6875,80.13500213623047,126743200
2020-01-31 00:00:00+00:00,75.09867095947266,77.37750244140625,80.66999816894531,77.07250213623047,80.23249816894531,199588400
2020-02-03 00:00:00+00:00,74.8924331665039,77.16500091552734,78.37249755859375,75.55500030517578,76.07499694824219,173788400
2020-02-04 00:00:00+00:00,77.36490631103516,79.7125015258789,79.91000366210938,78.40750122070312,78.82749938964844,136616400
2020-02-05 00:00:00+00:00,77.99575805664062,80.36250305175781,81.19000244140625,79.73750305175781,80.87999725341797,118826800
2020-02-06 00:00:00+00:00,78.90807342529297,81.30249786376953,81.30500030517578,80.06500244140625,80.64250183105469,105425600
2020-02-07 00:00:00+00:00,77.83549499511719,80.00749969482422,80.8499984741211,79.5,80.59249877929688,117684000
2020-02-10 00:00:00+00:00,78.2051773071289,80.38749694824219,80.38749694824219,78.4625015258789,78.54499816894531,109348800
2020-02-11 00:00:00+00:00,77.73333740234375,79.90249633789062,80.9749984741211,79.67749786376953,80.9000015258789,94323200
2020-02-12 00:00:00+00:00,79.57933807373047,81.80000305175781,81.80500030517578,80.36750030517578,80.36750030517578,113730400
2020-02-13 00:00:00+00:00,79.01263427734375,81.21749877929688,81.55500030517578,80.8375015258789,81.04750061035156,94747600
2020-02-14 00:00:00+00:00,79.0321044921875,81.23750305175781,81.49500274658203,80.7125015258789,81.18499755859375,80113600
2020-02-18 00:00:00+00:00,77.58500671386719,79.75,79.9375,78.65249633789062,78.83999633789062,152531200
2020-02-19 00:00:00+00:00,78.70863342285156,80.90499877929688,81.14250183105469,80.0,80.0,93984000
2020-02-20 00:00:00+00:00,77.90115356445312,80.07499694824219,81.1624984741211,79.55249786376953,80.65750122070312,100566000
2020-02-21 00:00:00+00:00,76.13787078857422,78.26249694824219,80.11250305175781,77.625,79.65499877929688,129554000
2020-02-24 00:00:00+00:00,72.52131652832031,74.54499816894531,76.04499816894531,72.30750274658203,74.31500244140625,222195200
2020-02-25 00:00:00+00:00,70.06483459472656,72.0199966430664,75.63249969482422,71.53250122070312,75.23750305175781,230673600
2020-02-26 00:00:00+00:00,71.17632293701172,73.1624984741211,74.47000122070312,71.625,71.63249969482422,198054800
2020-02-27 00:00:00+00:00,66.52365112304688,68.37999725341797,71.5,68.23999786376953,70.2750015258789,320605600
2020-02-28 00:00:00+00:00,66.48472595214844,68.33999633789062,69.60250091552734,64.09249877929688,64.31500244140625,426510000
2020-03-02 00:00:00+00:00,72.67451477050781,74.70249938964844,75.36000061035156,69.43000030517578,70.56999969482422,341397200
2020-03-03 00:00:00+00:00,70.36640930175781,72.33000183105469,76.0,71.44999694824219,75.9175033569336,319475600
2020-03-04 00:00:00+00:00,73.63034057617188,75.68499755859375,75.8499984741211,73.28250122070312,74.11000061035156,219178400
2020-03-05 00:00:00+00:00,71.24200439453125,73.2300033569336,74.88749694824219,72.85250091552734,73.87999725341797,187572800
2020-03-06 00:00:00+00:00,70.29589080810547,72.25749969482422,72.70500183105469,70.30750274658203,70.5,226176800
2020-03-09 00:00:00+00:00,64.73604583740234,66.5425033569336,69.52249908447266,65.75,65.9375,286744800
2020-03-10 00:00:00+00:00,69.3984375,71.33499908447266,71.61000061035156,67.34249877929688,69.28500366210938,285290000
2020-03-11 00:00:00+00:00,66.98818969726562,68.85749816894531,70.30500030517578,67.96499633789062,69.34750366210938,255598800
2020-03-12 00:00:00+00:00,60.372798919677734,62.057498931884766,67.5,62.0,63.98500061035156,418474000
2020-03-13 00:00:00+00:00,67.60595703125,69.49250030517578,69.9800033569336,63.23749923706055,66.22250366210938,370732000
2020-03-16 00:00:00+00:00,58.908653259277344,60.5525016784668,64.7699966430664,60.0,60.48749923706055,322423600
2020-03-17 00:00:00+00:00,61.49887466430664,63.21500015258789,64.40249633789062,59.599998474121094,61.877498626708984,324056000
2020-03-18 00:00:00+00:00,59.99338912963867,61.66749954223633,62.5,59.279998779296875,59.942501068115234,300233600
2020-03-19 00:00:00+00:00,59.5337028503418,61.19499969482422,63.209999084472656,60.65250015258789,61.84749984741211,271857200
2020-03-20 00:00:00+00:00,55.75418472290039,57.310001373291016,62.95750045776367,57.0,61.79499816894531,401693200
2020-03-23 00:00:00+00:00,54.56973648071289,56.092498779296875,57.125,53.15250015258789,57.02000045776367,336752800
2020-03-24 00:00:00+00:00,60.04445266723633,61.720001220703125,61.92250061035156,58.57500076293945,59.09000015258789,287531200
2020-03-25 00:00:00+00:00,59.713687896728516,61.380001068115234,64.5625,61.07500076293945,62.6875,303602000
2020-03-26 00:00:00+00:00,62.85600280761719,64.61000061035156,64.66999816894531,61.59000015258789,61.630001068115234,252087200
2020-03-27 00:00:00+00:00,60.25362014770508,61.935001373291016,63.967498779296875,61.76250076293945,63.1875,204216800
2020-03-30 00:00:00+00:00,61.97313690185547,63.70249938964844,63.880001068115234,62.349998474121094,62.685001373291016,167976400
2020-03-31 00:00:00+00:00,61.8466682434082,63.5724983215332,65.62249755859375,63.0,63.900001525878906,197002000
2020-04-01 00:00:00+00:00,58.59248352050781,60.227500915527344,62.18000030517578,59.782501220703125,61.625,176218400
2020-04-02 00:00:00+00:00,59.570186614990234,61.23249816894531,61.287498474121094,59.224998474121094,60.084999084472656,165934000
2020-04-03 00:00:00+00:00,58.71408462524414,60.352500915527344,61.42499923706055,59.74250030517578,60.70000076293945,129880000
2020-04-06 00:00:00+00:00,63.836158752441406,65.61750030517578,65.77749633789062,62.345001220703125,62.724998474121094,201820400
2020-04-07 00:00:00+00:00,63.09676742553711,64.85749816894531,67.92500305175781,64.75,67.69999694824219,202887200
2020-04-08 00:00:00+00:00,64.71171569824219,66.51750183105469,66.84249877929688,65.30750274658203,65.68499755859375,168895200
2020-04-09 00:00:00+00:00,65.17869567871094,66.99749755859375,67.51750183105469,66.17500305175781,67.17500305175781,161834800
2020-04-13 00:00:00+00:00,66.4579849243164,68.3125,68.42500305175781,66.4574966430664,67.07749938964844,131022800
2020-04-14 00:00:00+00:00,69.8143310546875,71.76249694824219,72.0625,69.51249694824219,70.0,194994800
2020-04-15 00:00:00+00:00,69.17710876464844,71.10749816894531,71.5824966430664,70.15750122070312,70.5999984741211,131154400
2020-04-16 00:00:00+00:00,69.72676849365234,71.67250061035156,72.05000305175781,70.5875015258789,71.84500122070312,157125200
2020-04-17 00:00:00+00:00,68.78067779541016,70.69999694824219,71.73750305175781,69.21499633789062,71.17250061035156,215250000
2020-04-20 00:00:00+00:00,67.3530044555664,69.23249816894531,70.41999816894531,69.2125015258789,69.48750305175781,130015200
2020-04-21 00:00:00+00:00,65.27110290527344,67.09249877929688,69.3125,66.35749816894531,69.06999969482422,180991600
2020-04-22 00:00:00+00:00,67.15116882324219,69.0250015258789,69.4749984741211,68.05000305175781,68.40249633789062,116862400
2020-04-23 00:00:00+00:00,66.89093017578125,68.75749969482422,70.4375,68.71749877929688,68.96749877929688,124814400
2020-04-24 00:00:00+00:00,68.822021484375,70.74250030517578,70.75250244140625,69.25,69.30000305175781,126161200
2020-04-27 00:00:00+00:00,68.87065887451172,70.7925033569336,71.13500213623047,69.98750305175781,70.44999694824219,117087600
2020-04-28 00:00:00+00:00,67.75430297851562,69.6449966430664,71.4574966430664,69.55000305175781,71.2699966430664,112004800
2020-04-29 00:00:00+00:00,69.9797134399414,71.93250274658203,72.4175033569336,70.97250366210938,71.18250274658203,137280800
2020-04-30 00:00:00+00:00,71.45601654052734,73.44999694824219,73.63249969482422,72.0875015258789,72.48999786376953,183064000
2020-05-01 00:00:00+00:00,70.30561065673828,72.26750183105469,74.75,71.4625015258789,71.5625,240616800
2020-05-04 00:00:00+00:00,71.30036163330078,73.29000091552734,73.42250061035156,71.58000183105469,72.2925033569336,133568000
2020-05-05 00:00:00+00:00,72.37051391601562,74.38999938964844,75.25,73.61499786376953,73.76499938964844,147751200
2020-05-06 00:00:00+00:00,73.11717987060547,75.15750122070312,75.80999755859375,74.71749877929688,75.11499786376953,142333600
2020-05-07 00:00:00+00:00,73.87355041503906,75.93499755859375,76.2925033569336,75.49250030517578,75.80500030517578,115215200
2020-05-08 00:00:00+00:00,75.63187408447266,77.53250122070312,77.5875015258789,76.07250213623047,76.41000366210938,133838400
2020-05-11 00:00:00+00:00,76.82196807861328,78.75250244140625,79.26249694824219,76.80999755859375,77.0250015258789,145946400
2020-05-12 00:00:00+00:00,75.94402313232422,77.85250091552734,79.92250061035156,77.72750091552734,79.4574966430664,162301200
2020-05-13 00:00:00+00:00,75.02706146240234,76.9124984741211,78.98750305175781,75.80249786376953,78.0374984741211,200622400
2020-05-14 00:00:00+00:00,75.48799133300781,77.38500213623047,77.44750213623047,75.38249969482422,76.12750244140625,158929200
2020-05-15 00:00:00+00:00,75.04170227050781,76.92749786376953,76.9749984741211,75.05249786376953,75.0875015258789,166348400
2020-05-18 00:00:00+00:00,76.80977630615234,78.73999786376953,79.125,77.58000183105469,78.2925033569336,135178400
2020-05-19 00:00:00+00:00,76.3659439086914,78.28500366210938,79.62999725341797,78.25250244140625,78.75749969482422,101729600
2020-05-20 00:00:00+00:00,77.85110473632812,79.80750274658203,79.87999725341797,79.12999725341797,79.16999816894531,111504800
2020-05-21 00:00:00+00:00,77.27068328857422,79.2125015258789,80.22250366210938,78.96749877929688,79.66500091552734,102688800
2020-05-22 00:00:00+00:00,77.76817321777344,79.72250366210938,79.80750274658203,78.8375015258789,78.94249725341797,81803200
2020-05-26 00:00:00+00:00,77.24142456054688,79.18250274658203,81.05999755859375,79.125,80.875,125522000
2020-05-27 00:00:00+00:00,77.5779800415039,79.52749633789062,79.67749786376953,78.27249908447266,79.03500366210938,112945200
2020-05-28 00:00:00+00:00,77.61210632324219,79.5625,80.86000061035156,78.90750122070312,79.19249725341797,133560800
2020-05-29 00:00:00+00:00,77.53650665283203,79.48500061035156,80.2874984741211,79.11750030517578,79.8125,153532400
2020-06-01 00:00:00+00:00,78.49004364013672,80.4625015258789,80.5875015258789,79.30249786376953,79.4375,80791200
2020-06-02 00:00:00+00:00,78.85342407226562,80.83499908447266,80.86000061035156,79.73249816894531,80.1875,87642800
2020-06-03 00:00:00+00:00,79.28748321533203,81.27999877929688,81.55000305175781,80.57499694824219,81.16500091552734,104491200
2020-06-04 00:00:00+00:00,78.60467529296875,80.58000183105469,81.40499877929688,80.19499969482422,81.09750366210938,87560400
2020-06-05 00:00:00+00:00,80.84339904785156,82.875,82.9375,80.80750274658203,80.8375015258789,137250400
2020-06-08 00:00:00+00:00,81.3213882446289,83.36499786376953,83.4000015258789,81.83000183105469,82.5625,95654400
2020-06-09 00:00:00+00:00,83.88935089111328,85.99749755859375,86.40249633789062,83.00250244140625,83.03500366210938,147712400
2020-06-10 00:00:00+00:00,86.04762268066406,88.20999908447266,88.69249725341797,86.52249908447266,86.9749984741211,166651600
2020-06-11 00:00:00+00:00,81.91645050048828,83.9749984741211,87.76499938964844,83.87000274658203,87.32749938964844,201662400
2020-06-12 00:00:00+00:00,82.62367248535156,84.69999694824219,86.94999694824219,83.55500030517578,86.18000030517578,200146000
2020-06-15 00:00:00+00:00,83.64550018310547,85.74749755859375,86.41999816894531,83.1449966430664,83.3125,138808800
2020-06-16 00:00:00+00:00,85.86227416992188,88.0199966430664,88.30000305175781,86.18000030517578,87.86499786376953,165428800
2020-06-17 00:00:00+00:00,85.74278259277344,87.89749908447266,88.8499984741211,87.77249908447266,88.7874984741211,114406400
2020-06-18 00:00:00+00:00,85.77693176269531,87.93250274658203,88.36250305175781,87.30500030517578,87.85250091552734,96820400
2020-06-19 00:00:00+00:00,85.28675079345703,87.43000030517578,89.13999938964844,86.2874984741211,88.66000366210938,264476000
2020-06-22 00:00:00+00:00,87.51817321777344,89.71749877929688,89.86499786376953,87.7874984741211,87.83499908447266,135445200
2020-06-23 00:00:00+00:00,89.38622283935547,91.63249969482422,93.09500122070312,90.56749725341797,91.0,212155600
2020-06-24 00:00:00+00:00,87.8083724975586,90.01499938964844,92.19750213623047,89.62999725341797,91.25,192623200
2020-06-25 00:00:00+00:00,88.97407531738281,91.20999908447266,91.25,89.39250183105469,90.17500305175781,137522400
2020-06-26 00:00:00+00:00,86.24028778076172,88.40750122070312,91.33000183105469,88.25499725341797,91.10250091552734,205256800
2020-06-29 00:00:00+00:00,88.22784423828125,90.44499969482422,90.5425033569336,87.81999969482422,88.3125,130646000
2020-06-30 00:00:00+00:00,88.96430969238281,91.19999694824219,91.49500274658203,90.0,90.0199966430664,140223200
2020-07-01 00:00:00+00:00,88.79605865478516,91.02749633789062,91.83999633789062,90.97750091552734,91.27999877929688,110737200
2020-07-02 00:00:00+00:00,88.79605865478516,91.02749633789062,92.61750030517578,90.91000366210938,91.9625015258789,114041600
2020-07-06 00:00:00+00:00,91.1713638305664,93.4625015258789,93.94499969482422,92.46749877929688,92.5,118655600
2020-07-07 00:00:00+00:00,90.88845825195312,93.17250061035156,94.65499877929688,93.05750274658203,93.85250091552734,112424400
2020-07-08 00:00:00+00:00,93.00530242919922,95.34249877929688,95.375,94.08999633789062,94.18000030517578,117092000
2020-07-09 00:00:00+00:00,93.40522766113281,95.75250244140625,96.31749725341797,94.67250061035156,96.26249694824219,125642800
2020-07-10 00:00:00+00:00,93.56861114501953,95.91999816894531,95.9800033569336,94.70500183105469,95.33499908447266,90257200
2020-07-13 00:00:00+00:00,93.136962890625,95.47750091552734,99.95500183105469,95.25749969482422,97.26499938964844,191649200
2020-07-14 00:00:00+00:00,94.6782455444336,97.05750274658203,97.25499725341797,93.87750244140625,94.83999633789062,170989200
2020-07-15 00:00:00+00:00,95.32937622070312,97.7249984741211,99.24749755859375,96.48999786376953,98.98999786376953,153198000
2020-07-16 00:00:00+00:00,94.15634155273438,96.52249908447266,97.40499877929688,95.90499877929688,96.5625,110577600
2020-07-17 00:00:00+00:00,93.96614074707031,96.32749938964844,97.14749908447266,95.83999633789062,96.98750305175781,92186800
2020-07-20 00:00:00+00:00,95.94636535644531,98.35749816894531,98.5,96.0625,96.4175033569336,90318000
2020-07-21 00:00:00+00:00,94.62214660644531,97.0,99.25,96.74250030517578,99.17250061035156,103433200
2020-07-22 00:00:00+00:00,94.88799285888672,97.27249908447266,97.9749984741211,96.60250091552734,96.69249725341797,89001600
2020-07-23 00:00:00+00:00,90.56900024414062,92.84500122070312,97.07749938964844,92.01000213623047,96.99749755859375,197004400
2020-07-24 00:00:00+00:00,90.34463500976562,92.61499786376953,92.97000122070312,89.1449966430664,90.98750305175781,185438800
2020-07-27 00:00:00+00:00,92.48583221435547,94.80999755859375,94.90499877929688,93.4800033569336,93.70999908447266,121214000
2020-07-28 00:00:00+00:00,90.9665298461914,93.25250244140625,94.55000305175781,93.24749755859375,94.36750030517578,103625600
2020-07-29 00:00:00+00:00,92.71019744873047,95.04000091552734,95.2300033569336,93.7125015258789,93.75,90329200
2020-07-30 00:00:00+00:00,93.8320083618164,96.19000244140625,96.29750061035156,93.76750183105469,94.1875,158130000
2020-07-31 00:00:00+00:00,103.65515899658203,106.26000213623047,106.41500091552734,100.82499694824219,102.88500213623047,374336800
2020-08-03 00:00:00+00:00,106.26699829101562,108.9375,111.63749694824219,107.89250183105469,108.19999694824219,308151200
2020-08-04 00:00:00+00:00,106.97669219970703,109.66500091552734,110.79000091552734,108.38749694824219,109.13249969482422,173071600
2020-08-05 00:00:00+00:00,107.36442565917969,110.0625,110.39250183105469,108.89749908447266,109.37750244140625,121776800
2020-08-06 00:00:00+00:00,111.11030578613281,113.90249633789062,114.4124984741211,109.79750061035156,110.40499877929688,202428800
2020-08-07 00:00:00+00:00,108.58414459228516,111.11250305175781,113.67500305175781,110.2925033569336,113.20500183105469,198045600
2020-08-10 00:00:00+00:00,110.1623764038086,112.72750091552734,113.7750015258789,110.0,112.5999984741211,212403600
2020-08-11 00:00:00+00:00,106.88615417480469,109.375,112.48249816894531,109.10749816894531,111.97000122070312,187902400
2020-08-12 00:00:00+00:00,110.43843078613281,113.01000213623047,113.2750015258789,110.29750061035156,110.49749755859375,165598000
2020-08-13 00:00:00+00:00,112.39293670654297,115.01000213623047,116.0425033569336,113.92749786376953,114.43000030517578,210082000
2020-08-14 00:00:00+00:00,112.29275512695312,114.90750122070312,115.0,113.04499816894531,114.83000183105469,165565200
2020-08-17 00:00:00+00:00,111.99957275390625,114.60749816894531,116.0875015258789,113.9625015258789,116.0625,119561600
2020-08-18 00:00:00+00:00,112.93285369873047,115.5625,116.0,114.00749969482422,114.35250091552734,105633600
2020-08-19 00:00:00+00:00,113.07454681396484,115.7074966430664,117.1624984741211,115.61000061035156,115.98249816894531,145538000
2020-08-20 00:00:00+00:00,115.5836410522461,118.2750015258789,118.39250183105469,115.73249816894531,115.75,126907200
2020-08-21 00:00:00+00:00,121.53993225097656,124.37000274658203,124.86750030517578,119.25,119.26249694824219,338054800
2020-08-24 00:00:00+00:00,122.99359893798828,125.85749816894531,128.78500366210938,123.9375,128.69749450683594,345937600
2020-08-25 00:00:00+00:00,121.98457336425781,124.82499694824219,125.18000030517578,123.05249786376953,124.69750213623047,211495600
2020-08-26 00:00:00+00:00,123.64346313476562,126.52249908447266,126.99250030517578,125.0824966430664,126.18000030517578,163022400
2020-08-27 00:00:00+00:00,122.16539001464844,125.01000213623047,127.48500061035156,123.8324966430664,127.14250183105469,155552400
2020-08-28 00:00:00+00:00,121.96749114990234,124.80750274658203,126.44249725341797,124.57749938964844,126.01249694824219,187630000
2020-08-31 00:00:00+00:00,126.10366821289062,129.0399932861328,131.0,126.0,127.58000183105469,225702700
2020-09-01 00:00:00+00:00,131.12669372558594,134.17999267578125,134.8000030517578,130.52999877929688,132.75999450683594,151948100
2020-09-02 00:00:00+00:00,128.40997314453125,131.39999389648438,137.97999572753906,127.0,137.58999633789062,200119000
2020-09-03 00:00:00+00:00,118.12934112548828,120.87999725341797,128.83999633789062,120.5,126.91000366210938,257599600
2020-09-04 00:00:00+00:00,118.20753479003906,120.95999908447266,123.69999694824219,110.88999938964844,120.06999969482422,332607200
2020-09-08 00:00:00+00:00,110.25276947021484,112.81999969482422,118.98999786376953,112.68000030517578,113.94999694824219,231366600
2020-09-09 00:00:00+00:00,114.65036010742188,117.31999969482422,119.13999938964844,115.26000213623047,117.26000213623047,176940500
2020-09-10 00:00:00+00:00,110.90750122070312,113.48999786376953,120.5,112.5,120.36000061035156,182274400
2020-09-11 00:00:00+00:00,109.45140075683594,112.0,115.2300033569336,110.0,114.56999969482422,180860300
2020-09-14 00:00:00+00:00,112.7349624633789,115.36000061035156,115.93000030517578,112.80000305175781,114.72000122070312,140150100
2020-09-15 00:00:00+00:00,112.91087341308594,115.54000091552734,118.83000183105469,113.61000061035156,118.33000183105469,184642000
2020-09-16 00:00:00+00:00,109.5784683227539,112.12999725341797,116.0,112.04000091552734,115.2300033569336,154679000
2020-09-17 00:00:00+00:00,107.82919311523438,110.33999633789062,112.19999694824219,108.70999908447266,109.72000122070312,178011000
2020-09-18 00:00:00+00:00,104.40884399414062,106.83999633789062,110.87999725341797,106.08999633789062,110.4000015258789,287104900
2020-09-21 00:00:00+00:00,107.57510375976562,110.08000183105469,110.19000244140625,103.0999984741211,104.54000091552734,195713800
2020-09-22 00:00:00+00:00,109.2657470703125,111.80999755859375,112.86000061035156,109.16000366210938,112.68000030517578,183055400
2020-09-23 00:00:00+00:00,104.68248748779297,107.12000274658203,112.11000061035156,106.7699966430664,111.62000274658203,150718700
2020-09-24 00:00:00+00:00,105.75743865966797,108.22000122070312,110.25,105.0,105.16999816894531,167743300
2020-09-25 00:00:00+00:00,109.72504425048828,112.27999877929688,112.44000244140625,107.66999816894531,108.43000030517578,149981400
2020-09-28 00:00:00+00:00,112.34406280517578,114.95999908447266,115.31999969482422,112.77999877929688,115.01000213623047,137672400
2020-09-29 00:00:00+00:00,111.49385833740234,114.08999633789062,115.30999755859375,113.56999969482422,114.55000305175781,99382200
2020-09-30 00:00:00+00:00,113.17472076416016,115.80999755859375,117.26000213623047,113.62000274658203,113.79000091552734,142675200
2020-10-01 00:00:00+00:00,114.1324234008789,116.79000091552734,117.72000122070312,115.83000183105469,117.63999938964844,116120400
2020-10-02 00:00:00+00:00,110.44821166992188,113.0199966430664,115.37000274658203,112.22000122070312,112.88999938964844,144712000
2020-10-05 00:00:00+00:00,113.8490219116211,116.5,116.6500015258789,113.55000305175781,113.91000366210938,106243800
2020-10-06 00:00:00+00:00,110.58501434326172,113.16000366210938,116.12000274658203,112.25,115.69999694824219,161498200
2020-10-07 00:00:00+00:00,112.46134185791016,115.08000183105469,115.55000305175781,114.12999725341797,114.62000274658203,96849000
2020-10-08 00:00:00+00:00,112.35385131835938,114.97000122070312,116.4000015258789,114.58999633789062,116.25,83477200
2020-10-09 00:00:00+00:00,114.30833435058594,116.97000122070312,117.0,114.91999816894531,115.27999877929688,100506900
2020-10-12 00:00:00+00:00,121.56927490234375,124.4000015258789,125.18000030517578,119.27999877929688,120.05999755859375,240226800
2020-10-13 00:00:00+00:00,118.34435272216797,121.0999984741211,125.38999938964844,119.6500015258789,125.2699966430664,262330500
2020-10-14 00:00:00+00:00,118.43229675292969,121.19000244140625,123.02999877929688,119.62000274658203,121.0,150712000
2020-10-15 00:00:00+00:00,117.96321868896484,120.70999908447266,121.19999694824219,118.1500015258789,118.72000122070312,112559200
2020-10-16 00:00:00+00:00,116.31168365478516,119.0199966430664,121.55000305175781,118.80999755859375,121.27999877929688,115393800
2020-10-19 00:00:00+00:00,113.34086608886719,115.9800033569336,120.41999816894531,115.66000366210938,119.95999908447266,120639300
2020-10-20 00:00:00+00:00,114.83604431152344,117.51000213623047,118.9800033569336,115.62999725341797,116.19999694824219,124423700
2020-10-21 00:00:00+00:00,114.21060943603516,116.87000274658203,118.70999908447266,116.44999694824219,116.66999816894531,89946000
2020-10-22 00:00:00+00:00,113.11610412597656,115.75,118.04000091552734,114.58999633789062,117.44999694824219,101988000
2020-10-23 00:00:00+00:00,112.42224884033203,115.04000091552734,116.55000305175781,114.27999877929688,116.38999938964844,82572600
2020-10-26 00:00:00+00:00,112.4320297241211,115.05000305175781,116.55000305175781,112.87999725341797,114.01000213623047,111850700
2020-10-27 00:00:00+00:00,113.94673919677734,116.5999984741211,117.27999877929688,114.54000091552734,115.48999786376953,92276800
2020-10-28 00:00:00+00:00,108.66962432861328,111.19999694824219,115.43000030517578,111.0999984741211,115.05000305175781,143937800
2020-10-29 00:00:00+00:00,112.69587707519531,115.31999969482422,116.93000030517578,112.19999694824219,112.37000274658203,146129200
2020-10-30 00:00:00+00:00,106.38285827636719,108.86000061035156,111.98999786376953,107.72000122070312,111.05999755859375,190272600
2020-11-02 00:00:00+00:00,106.29490661621094,108.7699966430664,110.68000030517578,107.31999969482422,109.11000061035156,122866900
2020-11-03 00:00:00+00:00,107.92691802978516,110.44000244140625,111.48999786376953,108.7300033569336,109.66000366210938,107624400
2020-11-04 00:00:00+00:00,112.33428955078125,114.94999694824219,115.58999633789062,112.3499984741211,114.13999938964844,138235500
2020-11-05 00:00:00+00:00,116.32144927978516,119.02999877929688,119.62000274658203,116.87000274658203,117.94999694824219,126387100
2020-11-06 00:00:00+00:00,116.1893081665039,118.69000244140625,119.19999694824219,116.12999725341797,118.31999969482422,114457900
2020-11-09 00:00:00+00:00,113.86922454833984,116.31999969482422,121.98999786376953,116.05000305175781,120.5,154515300
2020-11-10 00:00:00+00:00,113.526611328125,115.97000122070312,117.58999633789062,114.12999725341797,115.55000305175781,138023400
2020-11-11 00:00:00+00:00,116.97244262695312,119.48999786376953,119.62999725341797,116.44000244140625,117.19000244140625,112295000
2020-11-12 00:00:00+00:00,116.69833374023438,119.20999908447266,120.52999877929688,118.56999969482422,119.62000274658203,103162300
2020-11-13 00:00:00+00:00,116.74728393554688,119.26000213623047,119.66999816894531,117.87000274658203,119.44000244140625,81581900
2020-11-16 00:00:00+00:00,117.765380859375,120.30000305175781,120.98999786376953,118.1500015258789,118.91999816894531,91183000
2020-11-17 00:00:00+00:00,116.87455749511719,119.38999938964844,120.66999816894531,118.95999908447266,119.55000305175781,74271000
2020-11-18 00:00:00+00:00,115.543212890625,118.02999877929688,119.81999969482422,118.0,118.61000061035156,76322100
2020-11-19 00:00:00+00:00,116.14036560058594,118.63999938964844,119.05999755859375,116.80999755859375,117.58999633789062,74113000
2020-11-20 00:00:00+00:00,114.86774444580078,117.33999633789062,118.7699966430664,117.29000091552734,118.63999938964844,73604300
2020-11-23 00:00:00+00:00,111.4512710571289,113.8499984741211,117.62000274658203,113.75,117.18000030517578,127959300
2020-11-24 00:00:00+00:00,112.74345397949219,115.16999816894531,115.8499984741211,112.58999633789062,113.91000366210938,113874200
2020-11-25 00:00:00+00:00,113.58534240722656,116.02999877929688,116.75,115.16999816894531,115.55000305175781,76499200
2020-11-27 00:00:00+00:00,114.13352966308594,116.58999633789062,117.48999786376953,116.22000122070312,116.56999969482422,46691300
2020-11-30 00:00:00+00:00,116.54169464111328,119.05000305175781,120.97000122070312,116.80999755859375,116.97000122070312,169410200
2020-12-01 00:00:00+00:00,120.13439178466797,122.72000122070312,123.47000122070312,120.01000213623047,121.01000213623047,127728200
2020-12-02 00:00:00+00:00,120.48682403564453,123.08000183105469,123.37000274658203,120.88999938964844,122.0199966430664,89004200
2020-12-03 00:00:00+00:00,120.34976196289062,122.94000244140625,123.77999877929688,122.20999908447266,123.5199966430664,78967600
2020-12-04 00:00:00+00:00,119.67428588867188,122.25,122.86000061035156,121.5199966430664,122.5999984741211,78260400
2020-12-07 00:00:00+00:00,121.14269256591797,123.75,124.56999969482422,122.25,122.30999755859375,86712000
2020-12-08 00:00:00+00:00,121.75940704345703,124.37999725341797,124.9800033569336,123.08999633789062,124.37000274658203,82225500
2020-12-09 00:00:00+00:00,119.21420288085938,121.77999877929688,125.94999694824219,121.0,124.52999877929688,115089200
2020-12-10 00:00:00+00:00,120.6434326171875,123.23999786376953,123.87000274658203,120.1500015258789,120.5,81312200
2020-12-11 00:00:00+00:00,119.8309326171875,122.41000366210938,122.76000213623047,120.55000305175781,122.43000030517578,86939800
2020-12-14 00:00:00+00:00,119.21420288085938,121.77999877929688,123.3499984741211,121.54000091552734,122.5999984741211,79184500
2020-12-15 00:00:00+00:00,125.18566131591797,127.87999725341797,127.9000015258789,124.12999725341797,124.33999633789062,157243700
2020-12-16 00:00:00+00:00,125.11714935302734,127.80999755859375,128.3699951171875,126.55999755859375,127.41000366210938,98208600
2020-12-17 00:00:00+00:00,125.98838806152344,128.6999969482422,129.5800018310547,128.0399932861328,128.89999389648438,94359800
2020-12-18 00:00:00+00:00,123.99137878417969,126.66000366210938,129.10000610351562,126.12000274658203,128.9600067138672,192541500
2020-12-21 00:00:00+00:00,125.5282974243164,128.22999572753906,128.30999755859375,123.44999694824219,125.0199966430664,121251600
2020-12-22 00:00:00+00:00,129.1013946533203,131.8800048828125,134.41000366210938,129.64999389648438,131.61000061035156,168904800
2020-12-23 00:00:00+00:00,128.20077514648438,130.9600067138672,132.42999267578125,130.77999877929688,132.16000366210938,88223700
2020-12-24 00:00:00+00:00,129.1894989013672,131.97000122070312,133.4600067138672,131.10000610351562,131.32000732421875,54930100
2020-12-28 00:00:00+00:00,133.81008911132812,136.69000244140625,137.33999633789062,133.50999450683594,133.99000549316406,124486200
2020-12-29 00:00:00+00:00,132.02838134765625,134.8699951171875,138.7899932861328,134.33999633789062,138.0500030517578,121047300
2020-12-30 00:00:00+00:00,130.90260314941406,133.72000122070312,135.99000549316406,133.39999389648438,135.5800018310547,96452100
2020-12-31 00:00:00+00:00,129.89434814453125,132.69000244140625,134.74000549316406,131.72000122070312,134.0800018310547,99116600
2021-01-04 00:00:00+00:00,126.6834487915039,129.41000366210938,133.61000061035156,126.76000213623047,133.52000427246094,143301900
2021-01-05 00:00:00+00:00,128.24972534179688,131.00999450683594,131.74000549316406,128.42999267578125,128.88999938964844,97664900
2021-01-06 00:00:00+00:00,123.9326400756836,126.5999984741211,131.0500030517578,126.37999725341797,127.72000122070312,155088000
2021-01-07 00:00:00+00:00,128.16163635253906,130.9199981689453,131.6300048828125,127.86000061035156,128.36000061035156,109578200
2021-01-08 00:00:00+00:00,129.267822265625,132.0500030517578,132.6300048828125,130.22999572753906,132.42999267578125,105158200
2021-01-11 00:00:00+00:00,126.26250457763672,128.97999572753906,130.1699981689453,128.5,129.19000244140625,100384500
2021-01-12 00:00:00+00:00,126.08627319335938,128.8000030517578,129.69000244140625,126.86000061035156,128.5,91951100
2021-01-13 00:00:00+00:00,128.1322479248047,130.88999938964844,131.4499969482422,128.49000549316406,128.75999450683594,88636800
2021-01-14 00:00:00+00:00,126.1939926147461,128.91000366210938,131.0,128.75999450683594,130.8000030517578,90221800
2021-01-15 00:00:00+00:00,124.46125793457031,127.13999938964844,130.22000122070312,127.0,128.77999877929688,111598500
2021-01-19 00:00:00+00:00,125.13671112060547,127.83000183105469,128.7100067138672,126.94000244140625,127.77999877929688,90757300
2021-01-20 00:00:00+00:00,129.24822998046875,132.02999877929688,132.49000549316406,128.5500030517578,128.66000366210938,104319500
2021-01-21 00:00:00+00:00,133.98626708984375,136.8699951171875,139.6699981689453,133.58999633789062,133.8000030517578,120150900
2021-01-22 00:00:00+00:00,136.139892578125,139.07000732421875,139.85000610351562,135.02000427246094,136.27999877929688,114459400
2021-01-25 00:00:00+00:00,139.9088134765625,142.9199981689453,145.08999633789062,136.5399932861328,143.07000732421875,157611700
2021-01-26 00:00:00+00:00,140.14373779296875,143.16000366210938,144.3000030517578,141.3699951171875,143.60000610351562,98390600
2021-01-27 00:00:00+00:00,139.06692504882812,142.05999755859375,144.3000030517578,140.41000366210938,143.42999267578125,140843800
2021-01-28 00:00:00+00:00,134.20164489746094,137.08999633789062,141.99000549316406,136.6999969482422,139.52000427246094,142621100
2021-01-29 00:00:00+00:00,129.17970275878906,131.9600067138672,136.74000549316406,130.2100067138672,135.8300018310547,177523800
2021-02-01 00:00:00+00:00,131.3137969970703,134.13999938964844,135.3800048828125,130.92999267578125,133.75,106239800
2021-02-02 00:00:00+00:00,132.14588928222656,134.99000549316406,136.30999755859375,134.61000061035156,135.72999572753906,83305400
2021-02-03 00:00:00+00:00,131.1179962158203,133.94000244140625,135.77000427246094,133.61000061035156,135.75999450683594,89880900
2021-02-04 00:00:00+00:00,134.49533081054688,137.38999938964844,137.39999389648438,134.58999633789062,136.3000030517578,84183100
2021-02-05 00:00:00+00:00,134.0786590576172,136.75999450683594,137.4199981689453,135.86000061035156,137.35000610351562,75693800
2021-02-08 00:00:00+00:00,134.22569274902344,136.91000366210938,136.9600067138672,134.9199981689453,136.02999877929688,71297200
2021-02-09 00:00:00+00:00,133.3433380126953,136.00999450683594,137.8800048828125,135.85000610351562,136.6199951171875,76774200
2021-02-10 00:00:00+00:00,132.7354736328125,135.38999938964844,136.99000549316406,134.39999389648438,136.47999572753906,73046600
2021-02-11 00:00:00+00:00,132.48060607910156,135.1300048828125,136.38999938964844,133.77000427246094,135.89999389648438,64280000
2021-02-12 00:00:00+00:00,132.71588134765625,135.3699951171875,135.52999877929688,133.69000244140625,134.35000610351562,60145100
2021-02-16 00:00:00+00:00,130.57862854003906,133.19000244140625,136.00999450683594,132.7899932861328,135.49000549316406,80576300
2021-02-17 00:00:00+00:00,128.27468872070312,130.83999633789062,132.22000122070312,129.47000122070312,131.25,97918500
2021-02-18 00:00:00+00:00,127.1668472290039,129.7100067138672,130.0,127.41000366210938,129.1999969482422,96856700
2021-02-19 00:00:00+00:00,127.32373046875,129.8699951171875,130.7100067138672,128.8000030517578,130.24000549316406,87668800
2021-02-22 00:00:00+00:00,123.52959442138672,126.0,129.72000122070312,125.5999984741211,128.00999450683594,103916400
2021-02-23 00:00:00+00:00,123.3923568725586,125.86000061035156,126.70999908447266,118.38999938964844,123.76000213623047,158273000
2021-02-24 00:00:00+00:00,122.89234924316406,125.3499984741211,125.55999755859375,122.2300033569336,124.94000244140625,111039900
2021-02-25 00:00:00+00:00,118.61783599853516,120.98999786376953,126.45999908447266,120.54000091552734,124.68000030517578,148199500
2021-02-26 00:00:00+00:00,118.88253021240234,121.26000213623047,124.8499984741211,121.19999694824219,122.58999633789062,164560400
2021-03-01 00:00:00+00:00,125.28450775146484,127.79000091552734,127.93000030517578,122.79000091552734,123.75,116307900
2021-03-02 00:00:00+00:00,122.66685485839844,125.12000274658203,128.72000122070312,125.01000213623047,128.41000366210938,102260900
2021-03-03 00:00:00+00:00,119.66685485839844,122.05999755859375,125.70999908447266,121.83999633789062,124.80999755859375,112966300
2021-03-04 00:00:00+00:00,117.7746810913086,120.12999725341797,123.5999984741211,118.62000274658203,121.75,178155000
2021-03-05 00:00:00+00:00,119.03938293457031,121.41999816894531,121.94000244140625,117.56999969482422,120.9800033569336,153766600
2021-03-08 00:00:00+00:00,114.07859802246094,116.36000061035156,121.0,116.20999908447266,120.93000030517578,154376600
2021-03-09 00:00:00+00:00,118.71586608886719,121.08999633789062,122.05999755859375,118.79000091552734,119.02999877929688,129525800
2021-03-10 00:00:00+00:00,117.62763214111328,119.9800033569336,122.16999816894531,119.44999694824219,121.69000244140625,111943300
2021-03-11 00:00:00+00:00,119.56881713867188,121.95999908447266,123.20999908447266,121.26000213623047,122.54000091552734,103026500
2021-03-12 00:00:00+00:00,118.65703582763672,121.02999877929688,121.16999816894531,119.16000366210938,120.4000015258789,88105100
2021-03-15 00:00:00+00:00,121.55899810791016,123.98999786376953,124.0,120.41999816894531,121.41000366210938,92403800
2021-03-16 00:00:00+00:00,123.1080322265625,125.56999969482422,127.22000122070312,124.72000122070312,125.69999694824219,115227900
2021-03-17 00:00:00+00:00,122.31393432617188,124.76000213623047,125.86000061035156,122.33999633789062,124.05000305175781,111932600
2021-03-18 00:00:00+00:00,118.16683959960938,120.52999877929688,123.18000030517578,120.31999969482422,122.87999725341797,121229700
2021-03-19 00:00:00+00:00,117.6374282836914,119.98999786376953,121.43000030517578,119.68000030517578,119.9000015258789,185549500
2021-03-22 00:00:00+00:00,120.97077178955078,123.38999938964844,123.87000274658203,120.26000213623047,120.33000183105469,111912300
2021-03-23 00:00:00+00:00,120.13745880126953,122.54000091552734,124.23999786376953,122.13999938964844,123.33000183105469,95467100
2021-03-24 00:00:00+00:00,117.7354736328125,120.08999633789062,122.9000015258789,120.06999969482422,122.81999969482422,88530500
2021-03-25 00:00:00+00:00,118.22566223144531,120.58999633789062,121.66000366210938,119.0,119.54000091552734,98844700
2021-03-26 00:00:00+00:00,118.83352661132812,121.20999908447266,121.4800033569336,118.91999816894531,120.3499984741211,94071200
2021-03-29 00:00:00+00:00,119.0099868774414,121.38999938964844,122.58000183105469,120.7300033569336,121.6500015258789,80819200
2021-03-30 00:00:00+00:00,117.5491943359375,119.9000015258789,120.4000015258789,118.86000061035156,120.11000061035156,85671900
2021-03-31 00:00:00+00:00,119.75508117675781,122.1500015258789,123.5199966430664,121.1500015258789,121.6500015258789,118323800
2021-04-01 00:00:00+00:00,120.58842468261719,123.0,124.18000030517578,122.48999786376953,123.66000366210938,75089100
2021-04-05 00:00:00+00:00,123.43156433105469,125.9000015258789,126.16000366210938,123.06999969482422,123.87000274658203,88651200
2021-04-06 00:00:00+00:00,123.7354965209961,126.20999908447266,127.12999725341797,125.6500015258789,126.5,80171300
2021-04-07 00:00:00+00:00,125.3923568725586,127.9000015258789,127.91999816894531,125.13999938964844,125.83000183105469,83466700
2021-04-08 00:00:00+00:00,127.80411529541016,130.36000061035156,130.38999938964844,128.52000427246094,128.9499969482422,88844600
2021-04-09 00:00:00+00:00,130.39236450195312,133.0,133.0399932861328,129.47000122070312,129.8000030517578,106686700
2021-04-12 00:00:00+00:00,128.66685485839844,131.24000549316406,132.85000610351562,130.6300048828125,132.52000427246094,91420000
2021-04-13 00:00:00+00:00,131.7943115234375,134.42999267578125,134.66000366210938,131.92999267578125,132.44000244140625,91266500
2021-04-14 00:00:00+00:00,129.4413604736328,132.02999877929688,135.0,131.66000366210938,134.94000244140625,87222800
2021-04-15 00:00:00+00:00,131.8629608154297,134.5,135.0,133.63999938964844,133.82000732421875,89347100
2021-04-16 00:00:00+00:00,131.52960205078125,134.16000366210938,134.6699981689453,133.27999877929688,134.3000030517578,84922400
2021-04-19 00:00:00+00:00,132.19630432128906,134.83999633789062,135.47000122070312,133.33999633789062,133.50999450683594,94264200
2021-04-20 00:00:00+00:00,130.5001983642578,133.11000061035156,135.52999877929688,131.80999755859375,135.02000427246094,94812300
2021-04-21 00:00:00+00:00,130.882568359375,133.5,133.75,131.3000030517578,132.36000061035156,68847100
2021-04-22 00:00:00+00:00,129.35313415527344,131.94000244140625,134.14999389648438,131.41000366210938,133.0399932861328,84566500
2021-04-23 00:00:00+00:00,131.68649291992188,134.32000732421875,135.1199951171875,132.16000366210938,132.16000366210938,78657500
2021-04-26 00:00:00+00:00,132.07864379882812,134.72000122070312,135.05999755859375,133.55999755859375,134.8300018310547,66905100
2021-04-27 00:00:00+00:00,131.75509643554688,134.38999938964844,135.41000366210938,134.11000061035156,135.00999450683594,66015800
2021-04-28 00:00:00+00:00,130.96099853515625,133.5800018310547,135.02000427246094,133.0800018310547,134.30999755859375,107760100
2021-04-29 00:00:00+00:00,130.8629608154297,133.47999572753906,137.07000732421875,132.4499969482422,136.47000122070312,151101000
2021-04-30 00:00:00+00:00,128.882568359375,131.4600067138672,133.55999755859375,131.07000732421875,131.77999877929688,109839500
2021-05-03 00:00:00+00:00,129.9413604736328,132.5399932861328,134.07000732421875,131.8300018310547,132.0399932861328,75135100
2021-05-04 00:00:00+00:00,125.34333038330078,127.8499984741211,131.49000549316406,126.69999694824219,131.19000244140625,137564700
2021-05-05 00:00:00+00:00,125.58843231201172,128.10000610351562,130.4499969482422,127.97000122070312,129.1999969482422,84000900
2021-05-06 00:00:00+00:00,127.1962890625,129.74000549316406,129.75,127.12999725341797,127.88999938964844,78128300
2021-05-07 00:00:00+00:00,127.87389373779297,130.2100067138672,131.25999450683594,129.47999572753906,130.85000610351562,78973300
2021-05-10 00:00:00+00:00,124.57417297363281,126.8499984741211,129.5399932861328,126.80999755859375,129.41000366210938,88071200
2021-05-11 00:00:00+00:00,123.65103912353516,125.91000366210938,126.2699966430664,122.7699966430664,123.5,126142800
2021-05-12 00:00:00+00:00,120.56737518310547,122.7699966430664,124.63999938964844,122.25,123.4000015258789,112172300
2021-05-13 00:00:00+00:00,122.72791290283203,124.97000122070312,126.1500015258789,124.26000213623047,124.58000183105469,105861300
2021-05-14 00:00:00+00:00,125.16339111328125,127.44999694824219,127.88999938964844,125.8499984741211,126.25,81918000
2021-05-17 00:00:00+00:00,124.00459289550781,126.2699966430664,126.93000030517578,125.16999816894531,126.81999969482422,74244600
2021-05-18 00:00:00+00:00,122.61006164550781,124.8499984741211,126.98999786376953,124.77999877929688,126.55999755859375,63342900
2021-05-19 00:00:00+00:00,122.45293426513672,124.69000244140625,124.91999816894531,122.86000061035156,123.16000366210938,92612000
2021-05-20 00:00:00+00:00,125.02593231201172,127.30999755859375,127.72000122070312,125.0999984741211,125.2300033569336,76857100
2021-05-21 00:00:00+00:00,123.17964935302734,125.43000030517578,128.0,125.20999908447266,127.81999969482422,79295400
2021-05-24 00:00:00+00:00,124.8197021484375,127.0999984741211,127.94000244140625,125.94000244140625,126.01000213623047,63092900
2021-05-25 00:00:00+00:00,124.62328338623047,126.9000015258789,128.32000732421875,126.31999969482422,127.81999969482422,72009500
2021-05-26 00:00:00+00:00,124.57417297363281,126.8499984741211,127.38999938964844,126.41999816894531,126.95999908447266,56575900
2021-05-27 00:00:00+00:00,123.03233337402344,125.27999877929688,127.63999938964844,125.08000183105469,126.44000244140625,94625600
2021-05-28 00:00:00+00:00,122.3743667602539,124.61000061035156,125.80000305175781,124.55000305175781,125.56999969482422,71311100
2021-06-01 00:00:00+00:00,122.05029296875,124.27999877929688,125.3499984741211,123.94000244140625,125.08000183105469,67637100
2021-06-02 00:00:00+00:00,122.8162841796875,125.05999755859375,125.23999786376953,124.05000305175781,124.27999877929688,59278900
2021-06-03 00:00:00+00:00,121.32356262207031,123.54000091552734,124.8499984741211,123.12999725341797,124.68000030517578,76229200
2021-06-04 00:00:00+00:00,123.63140106201172,125.88999938964844,126.16000366210938,123.8499984741211,124.06999969482422,75169300
2021-06-07 00:00:00+00:00,123.64122772216797,125.9000015258789,126.31999969482422,124.83000183105469,126.16999816894531,71057600
2021-06-08 00:00:00+00:00,124.46614837646484,126.73999786376953,128.4600067138672,126.20999908447266,126.5999984741211,74403800
2021-06-09 00:00:00+00:00,124.84915161132812,127.12999725341797,127.75,126.5199966430664,127.20999908447266,56877900
2021-06-10 00:00:00+00:00,123.84744262695312,126.11000061035156,128.19000244140625,125.94000244140625,127.0199966430664,71186400
2021-06-11 00:00:00+00:00,125.06520080566406,127.3499984741211,127.44000244140625,126.0999984741211,126.52999877929688,53522400
2021-06-14 00:00:00+00:00,128.13905334472656,130.47999572753906,130.5399932861328,127.06999969482422,127.81999969482422,96906500
2021-06-15 00:00:00+00:00,127.31412506103516,129.63999938964844,130.60000610351562,129.38999938964844,129.94000244140625,62746300
2021-06-16 00:00:00+00:00,127.8149642944336,130.14999389648438,130.88999938964844,128.4600067138672,130.3699951171875,91815000
2021-06-17 00:00:00+00:00,129.425537109375,131.7899932861328,132.5500030517578,129.64999389648438,129.8000030517578,96721700
2021-06-18 00:00:00+00:00,128.11941528320312,130.4600067138672,131.50999450683594,130.24000549316406,130.7100067138672,108953300
2021-06-21 00:00:00+00:00,129.9263916015625,132.3000030517578,132.41000366210938,129.2100067138672,130.3000030517578,79663300
2021-06-22 00:00:00+00:00,131.5762176513672,133.97999572753906,134.0800018310547,131.6199951171875,132.1300048828125,74783600
2021-06-23 00:00:00+00:00,131.30133056640625,133.6999969482422,134.32000732421875,133.22999572753906,133.77000427246094,60214200
2021-06-24 00:00:00+00:00,131.01646423339844,133.41000366210938,134.63999938964844,132.92999267578125,134.4499969482422,68711000
2021-06-25 00:00:00+00:00,130.72186279296875,133.11000061035156,133.88999938964844,132.80999755859375,133.4600067138672,70783700
2021-06-28 00:00:00+00:00,132.3618927001953,134.77999877929688,135.25,133.35000610351562,133.41000366210938,62111300
2021-06-29 00:00:00+00:00,133.88406372070312,136.3300018310547,136.49000549316406,134.35000610351562,134.8000030517578,64556100
2021-06-30 00:00:00+00:00,134.50279235839844,136.9600067138672,137.41000366210938,135.8699951171875,136.1699981689453,63261400
2021-07-01 00:00:00+00:00,134.80723571777344,137.27000427246094,137.3300018310547,135.75999450683594,136.60000610351562,52485800
2021-07-02 00:00:00+00:00,137.44895935058594,139.9600067138672,140.0,137.75,137.89999389648438,78852600
2021-07-06 00:00:00+00:00,139.47203063964844,142.02000427246094,143.14999389648438,140.07000732421875,140.07000732421875,108181800
2021-07-07 00:00:00+00:00,141.9762725830078,144.57000732421875,144.88999938964844,142.66000366210938,143.5399932861328,104911600
2021-07-08 00:00:00+00:00,140.67013549804688,143.24000549316406,144.05999755859375,140.6699981689453,141.5800018310547,105575500
2021-07-09 00:00:00+00:00,142.5065460205078,145.11000061035156,145.64999389648438,142.64999389648438,142.75,99890800
2021-07-12 00:00:00+00:00,141.90753173828125,144.5,146.32000732421875,144.0,146.2100067138672,76299700
2021-07-13 00:00:00+00:00,143.02706909179688,145.63999938964844,147.4600067138672,143.6300048828125,144.02999877929688,100827100
2021-07-14 00:00:00+00:00,146.47409057617188,149.14999389648438,149.57000732421875,147.67999267578125,148.10000610351562,127050800
2021-07-15 00:00:00+00:00,145.8161163330078,148.47999572753906,150.0,147.08999633789062,149.24000549316406,106820300
2021-07-16 00:00:00+00:00,143.7635955810547,146.38999938964844,149.75999450683594,145.8800048828125,148.4600067138672,93251400
2021-07-19 00:00:00+00:00,139.89427185058594,142.4499969482422,144.07000732421875,141.6699981689453,143.75,121434600
2021-07-20 00:00:00+00:00,143.5279083251953,146.14999389648438,147.10000610351562,142.9600067138672,143.4600067138672,96350000
2021-07-21 00:00:00+00:00,142.79135131835938,145.39999389648438,146.1300048828125,144.6300048828125,145.52999877929688,74993500
2021-07-22 00:00:00+00:00,144.16624450683594,146.8000030517578,148.1999969482422,145.80999755859375,145.94000244140625,77338200
2021-07-23 00:00:00+00:00,145.89466857910156,148.55999755859375,148.72000122070312,146.9199981689453,147.5500030517578,71447400
2021-07-26 00:00:00+00:00,146.31695556640625,148.99000549316406,149.8300018310547,147.6999969482422,148.27000427246094,72434100
2021-07-27 00:00:00+00:00,144.1367950439453,146.77000427246094,149.2100067138672,145.5500030517578,149.1199951171875,104818600
2021-07-28 00:00:00+00:00,142.37889099121094,144.97999572753906,146.97000122070312,142.5399932861328,144.80999755859375,118931200
2021-07-29 00:00:00+00:00,143.02706909179688,145.63999938964844,146.5500030517578,144.5800018310547,144.69000244140625,56699500
2021-07-30 00:00:00+00:00,143.24310302734375,145.86000061035156,146.3300018310547,144.11000061035156,144.3800048828125,70440600
2021-08-02 00:00:00+00:00,142.9092254638672,145.52000427246094,146.9499969482422,145.25,146.36000061035156,62880000
2021-08-03 00:00:00+00:00,144.7161865234375,147.36000061035156,148.0399932861328,145.17999267578125,145.80999755859375,64786600
2021-08-04 00:00:00+00:00,144.3135528564453,146.9499969482422,147.7899932861328,146.27999877929688,147.27000427246094,56368300
2021-08-05 00:00:00+00:00,144.4215850830078,147.05999755859375,147.83999633789062,146.1699981689453,146.97999572753906,46397700
2021-08-06 00:00:00+00:00,143.7331085205078,146.13999938964844,147.11000061035156,145.6300048828125,146.35000610351562,54126800
2021-08-09 00:00:00+00:00,143.68394470214844,146.08999633789062,146.6999969482422,145.52000427246094,146.1999969482422,48908700
2021-08-10 00:00:00+00:00,143.20201110839844,145.60000610351562,147.7100067138672,145.3000030517578,146.44000244140625,69023100
2021-08-11 00:00:00+00:00,143.45773315429688,145.86000061035156,146.72000122070312,145.52999877929688,146.0500030517578,48493500
2021-08-12 00:00:00+00:00,146.4378204345703,148.88999938964844,149.0500030517578,145.83999633789062,146.19000244140625,72282600
2021-08-13 00:00:00+00:00,146.64437866210938,149.10000610351562,149.44000244140625,148.27000427246094,148.97000122070312,59375000
2021-08-16 00:00:00+00:00,148.63108825683594,151.1199951171875,151.19000244140625,146.47000122070312,148.5399932861328,103296000
2021-08-17 00:00:00+00:00,147.7163848876953,150.19000244140625,151.67999267578125,149.08999633789062,150.22999572753906,92229700
2021-08-18 00:00:00+00:00,143.9495086669922,146.36000061035156,150.72000122070312,146.14999389648438,149.8000030517578,86326000
2021-08-19 00:00:00+00:00,144.28390502929688,146.6999969482422,148.0,144.5,145.02999877929688,86960300
2021-08-20 00:00:00+00:00,145.74935913085938,148.19000244140625,148.5,146.77999877929688,147.44000244140625,60549600
2021-08-23 00:00:00+00:00,147.2443389892578,149.7100067138672,150.19000244140625,147.88999938964844,148.30999755859375,60131800
2021-08-24 00:00:00+00:00,147.1558074951172,149.6199951171875,150.86000061035156,149.14999389648438,149.4499969482422,48606400
2021-08-25 00:00:00+00:00,145.91653442382812,148.36000061035156,150.32000732421875,147.8000030517578,149.80999755859375,58991300
2021-08-26 00:00:00+00:00,145.11004638671875,147.5399932861328,149.1199951171875,147.50999450683594,148.35000610351562,48597200
2021-08-27 00:00:00+00:00,146.15264892578125,148.60000610351562,148.75,146.8300018310547,147.47999572753906,55802400
2021-08-30 00:00:00+00:00,150.59812927246094,153.1199951171875,153.49000549316406,148.61000061035156,149.0,90956700
2021-08-31 00:00:00+00:00,149.32940673828125,151.8300018310547,152.8000030517578,151.2899932861328,152.66000366210938,86453100
2021-09-01 00:00:00+00:00,149.99818420410156,152.50999450683594,154.97999572753906,152.33999633789062,152.8300018310547,80313700
2021-09-02 00:00:00+00:00,151.1194305419922,153.64999389648438,154.72000122070312,152.39999389648438,153.8699951171875,71115500
2021-09-03 00:00:00+00:00,151.7587127685547,154.3000030517578,154.6300048828125,153.08999633789062,153.75999450683594,57808700
2021-09-07 00:00:00+00:00,154.109375,156.69000244140625,157.25999450683594,154.38999938964844,154.97000122070312,82278300
2021-09-08 00:00:00+00:00,152.5553741455078,155.11000061035156,157.0399932861328,153.97999572753906,156.97999572753906,74420200
2021-09-09 00:00:00+00:00,151.5325164794922,154.07000732421875,156.11000061035156,153.9499969482422,155.49000549316406,57305700
2021-09-10 00:00:00+00:00,146.51651000976562,148.97000122070312,155.47999572753906,148.6999969482422,155.0,140893200
2021-09-13 00:00:00+00:00,147.0869598388672,149.5500030517578,151.4199981689453,148.75,150.6300048828125,102404300
2021-09-14 00:00:00+00:00,145.68048095703125,148.1199951171875,151.07000732421875,146.91000366210938,150.35000610351562,109296300
2021-09-15 00:00:00+00:00,146.57553100585938,149.02999877929688,149.44000244140625,146.3699951171875,148.55999755859375,83281300
2021-09-16 00:00:00+00:00,146.3394775390625,148.7899932861328,148.97000122070312,147.22000122070312,148.44000244140625,68034100
2021-09-17 00:00:00+00:00,143.65444946289062,146.05999755859375,148.82000732421875,145.75999450683594,148.82000732421875,129868800
2021-09-20 00:00:00+00:00,140.5858154296875,142.94000244140625,144.83999633789062,141.27000427246094,143.8000030517578,123478900
2021-09-21 00:00:00+00:00,141.0677490234375,143.42999267578125,144.60000610351562,142.77999877929688,143.92999267578125,75834000
2021-09-22 00:00:00+00:00,143.44790649414062,145.85000610351562,146.42999267578125,143.6999969482422,144.4499969482422,76404300
2021-09-23 00:00:00+00:00,144.41175842285156,146.8300018310547,147.0800018310547,145.63999938964844,146.64999389648438,64838200
2021-09-24 00:00:00+00:00,144.500244140625,146.9199981689453,147.47000122070312,145.55999755859375,145.66000366210938,53477900
2021-09-27 00:00:00+00:00,142.97579956054688,145.3699951171875,145.9600067138672,143.82000732421875,145.47000122070312,74150700
2021-09-28 00:00:00+00:00,139.57278442382812,141.91000366210938,144.75,141.69000244140625,143.25,108972300
2021-09-29 00:00:00+00:00,140.47764587402344,142.8300018310547,144.4499969482422,142.02999877929688,142.47000122070312,74602000
2021-09-30 00:00:00+00:00,139.16954040527344,141.5,144.3800048828125,141.27999877929688,143.66000366210938,89056700
2021-10-01 00:00:00+00:00,140.3005828857422,142.64999389648438,142.9199981689453,139.11000061035156,141.89999389648438,94639600
2021-10-04 00:00:00+00:00,136.84840393066406,139.13999938964844,142.2100067138672,138.27000427246094,141.75999450683594,98322000
2021-10-05 00:00:00+00:00,138.7859649658203,141.11000061035156,142.24000549316406,139.36000061035156,139.49000549316406,80861100
2021-10-06 00:00:00+00:00,139.6613311767578,142.0,142.14999389648438,138.3699951171875,139.47000122070312,83221100
2021-10-07 00:00:00+00:00,140.93003845214844,143.2899932861328,144.22000122070312,142.72000122070312,143.05999755859375,61732700
2021-10-08 00:00:00+00:00,140.5464630126953,142.89999389648438,144.17999267578125,142.55999755859375,144.02999877929688,58773200
2021-10-11 00:00:00+00:00,140.45794677734375,142.80999755859375,144.80999755859375,141.80999755859375,142.27000427246094,64452200
2021-10-12 00:00:00+00:00,139.17935180664062,141.50999450683594,143.25,141.0399932861328,143.22999572753906,73035900
2021-10-13 00:00:00+00:00,138.58924865722656,140.91000366210938,141.39999389648438,139.1999969482422,141.24000549316406,78762700
2021-10-14 00:00:00+00:00,141.39231872558594,143.75999450683594,143.8800048828125,141.50999450683594,142.11000061035156,69907100
2021-10-15 00:00:00+00:00,142.4545135498047,144.83999633789062,144.89999389648438,143.50999450683594,143.77000427246094,67940300
2021-10-18 00:00:00+00:00,144.13636779785156,146.5500030517578,146.83999633789062,143.16000366210938,143.4499969482422,85589200
2021-10-19 00:00:00+00:00,146.30996704101562,148.75999450683594,149.1699981689453,146.5500030517578,147.00999450683594,76378900
2021-10-20 00:00:00+00:00,146.8017120361328,149.25999450683594,149.75,148.1199951171875,148.6999969482422,58418800
2021-10-21 00:00:00+00:00,147.01808166503906,149.47999572753906,149.63999938964844,147.8699951171875,148.80999755859375,61421000
2021-10-22 00:00:00+00:00,146.2411346435547,148.69000244140625,150.17999267578125,148.63999938964844,149.69000244140625,58883400
2021-10-25 00:00:00+00:00,146.1919403076172,148.63999938964844,149.3699951171875,147.6199951171875,148.67999267578125,50720600
2021-10-26 00:00:00+00:00,146.8607635498047,149.32000732421875,150.83999633789062,149.00999450683594,149.3300018310547,60893400
2021-10-27 00:00:00+00:00,146.3984832763672,148.85000610351562,149.72999572753906,148.49000549316406,149.36000061035156,56094900
2021-10-28 00:00:00+00:00,150.05718994140625,152.57000732421875,153.1699981689453,149.72000122070312,149.82000732421875,100077900
2021-10-29 00:00:00+00:00,147.33285522460938,149.8000030517578,149.94000244140625,146.41000366210938,147.22000122070312,124953200
2021-11-01 00:00:00+00:00,146.50669860839844,148.9600067138672,149.6999969482422,147.8000030517578,148.99000549316406,74588300
2021-11-02 00:00:00+00:00,147.54922485351562,150.02000427246094,151.57000732421875,148.64999389648438,148.66000366210938,69122000
2021-11-03 00:00:00+00:00,148.99502563476562,151.49000549316406,151.97000122070312,149.82000732421875,150.38999938964844,54511500
2021-11-04 00:00:00+00:00,148.47373962402344,150.9600067138672,152.42999267578125,150.63999938964844,151.5800018310547,60394600
2021-11-05 00:00:00+00:00,149.005615234375,151.27999877929688,152.1999969482422,150.05999755859375,151.88999938964844,65463900
2021-11-08 00:00:00+00:00,148.1782684326172,150.44000244140625,151.57000732421875,150.16000366210938,151.41000366210938,55020900
2021-11-09 00:00:00+00:00,148.54269409179688,150.80999755859375,151.42999267578125,150.05999755859375,150.1999969482422,56787900
2021-11-10 00:00:00+00:00,145.69613647460938,147.9199981689453,150.1300048828125,147.85000610351562,150.02000427246094,65187100
2021-11-11 00:00:00+00:00,145.64688110351562,147.8699951171875,149.42999267578125,147.67999267578125,148.9600067138672,41000000
2021-11-12 00:00:00+00:00,147.73501586914062,149.99000549316406,150.39999389648438,147.47999572753906,148.42999267578125,63804000
2021-11-15 00:00:00+00:00,147.744873046875,150.0,151.8800048828125,149.42999267578125,150.3699951171875,59222800
2021-11-16 00:00:00+00:00,148.72979736328125,151.0,151.49000549316406,149.33999633789062,149.94000244140625,59256200
2021-11-17 00:00:00+00:00,151.18238830566406,153.49000549316406,155.0,150.99000549316406,151.0,88807000
2021-11-18 00:00:00+00:00,155.4965362548828,157.8699951171875,158.6699981689453,153.0500030517578,153.7100067138672,137827700
2021-11-19 00:00:00+00:00,158.13623046875,160.5500030517578,161.02000427246094,156.52999877929688,157.64999389648438,117305600
2021-11-22 00:00:00+00:00,158.59918212890625,161.02000427246094,165.6999969482422,161.0,161.67999267578125,117467900
2021-11-23 00:00:00+00:00,158.98330688476562,161.41000366210938,161.8000030517578,159.05999755859375,161.1199951171875,96041900
2021-11-24 00:00:00+00:00,159.50535583496094,161.94000244140625,162.13999938964844,159.63999938964844,160.75,69463600
2021-11-26 00:00:00+00:00,154.4525146484375,156.80999755859375,160.4499969482422,156.36000061035156,159.57000732421875,76959800
2021-11-29 00:00:00+00:00,157.83091735839844,160.24000549316406,161.19000244140625,158.7899932861328,159.3699951171875,88748200
2021-11-30 00:00:00+00:00,162.8148193359375,165.3000030517578,165.52000427246094,159.9199981689453,159.99000549316406,174048100
2021-12-01 00:00:00+00:00,162.29281616210938,164.77000427246094,170.3000030517578,164.52999877929688,167.47999572753906,152052500
2021-12-02 00:00:00+00:00,161.29795837402344,163.75999450683594,164.1999969482422,157.8000030517578,158.74000549316406,136739200
2021-12-03 00:00:00+00:00,159.4068603515625,161.83999633789062,164.9600067138672,159.72000122070312,164.02000427246094,118023100
2021-12-06 00:00:00+00:00,162.83453369140625,165.32000732421875,167.8800048828125,164.27999877929688,164.2899932861328,107497000
2021-12-07 00:00:00+00:00,168.6064453125,171.17999267578125,171.5800018310547,168.33999633789062,169.0800018310547,120405400
2021-12-08 00:00:00+00:00,172.44781494140625,175.0800018310547,175.9600067138672,170.6999969482422,172.1300048828125,116998900
2021-12-09 00:00:00+00:00,171.93563842773438,174.55999755859375,176.75,173.9199981689453,174.91000366210938,108923700
2021-12-10 00:00:00+00:00,176.75210571289062,179.4499969482422,179.6300048828125,174.69000244140625,175.2100067138672,115402700
2021-12-13 00:00:00+00:00,173.097900390625,175.74000549316406,182.1300048828125,175.52999877929688,181.1199951171875,153237000
2021-12-14 00:00:00+00:00,171.70909118652344,174.3300018310547,177.74000549316406,172.2100067138672,175.25,139380400
2021-12-15 00:00:00+00:00,176.6043701171875,179.3000030517578,179.5,172.30999755859375,175.11000061035156,131063300
2021-12-16 00:00:00+00:00,169.67018127441406,172.25999450683594,181.13999938964844,170.75,179.27999877929688,150185800
2021-12-17 00:00:00+00:00,168.56703186035156,171.13999938964844,173.47000122070312,169.69000244140625,169.92999267578125,195432700
2021-12-20 00:00:00+00:00,167.1979522705078,169.75,170.5800018310547,167.4600067138672,168.27999877929688,107499100
2021-12-21 00:00:00+00:00,170.3892364501953,172.99000549316406,173.1999969482422,169.1199951171875,171.55999755859375,91185900
2021-12-22 00:00:00+00:00,172.99937438964844,175.63999938964844,175.86000061035156,172.14999389648438,173.0399932861328,92135300
2021-12-23 00:00:00+00:00,173.6297607421875,176.27999877929688,176.85000610351562,175.27000427246094,175.85000610351562,68356600
2021-12-27 00:00:00+00:00,177.6188507080078,180.3300018310547,180.4199981689453,177.07000732421875,177.08999633789062,74919600
2021-12-28 00:00:00+00:00,176.59449768066406,179.2899932861328,181.3300018310547,178.52999877929688,180.16000366210938,79144300
2021-12-29 00:00:00+00:00,176.6831512451172,179.3800048828125,180.6300048828125,178.13999938964844,179.3300018310547,62348900
2021-12-30 00:00:00+00:00,175.52088928222656,178.1999969482422,180.57000732421875,178.08999633789062,179.47000122070312,59773000
2021-12-31 00:00:00+00:00,174.90037536621094,177.57000732421875,179.22999572753906,177.25999450683594,178.08999633789062,64062300
2022-01-03 00:00:00+00:00,179.27362060546875,182.00999450683594,182.8800048828125,177.7100067138672,177.8300018310547,104487900
2022-01-04 00:00:00+00:00,176.9983367919922,179.6999969482422,182.94000244140625,179.1199951171875,182.6300048828125,99310400
2022-01-05 00:00:00+00:00,172.29022216796875,174.9199981689453,180.1699981689453,174.63999938964844,179.61000061035156,94537600
2022-01-06 00:00:00+00:00,169.4141082763672,172.0,175.3000030517578,171.63999938964844,172.6999969482422,96904000
2022-01-07 00:00:00+00:00,169.58157348632812,172.1699981689453,174.13999938964844,171.02999877929688,172.88999938964844,86709100
2022-01-10 00:00:00+00:00,169.60125732421875,172.19000244140625,172.5,168.1699981689453,169.0800018310547,106765600
2022-01-11 00:00:00+00:00,172.44781494140625,175.0800018310547,175.17999267578125,170.82000732421875,172.32000732421875,76138300
2022-01-12 00:00:00+00:00,172.89105224609375,175.52999877929688,177.17999267578125,174.82000732421875,176.1199951171875,74805200
2022-01-13 00:00:00+00:00,169.60125732421875,172.19000244140625,176.6199951171875,171.7899932861328,175.77999877929688,84505800
2022-01-14 00:00:00+00:00,170.46800231933594,173.07000732421875,173.77999877929688,171.08999633789062,171.33999633789062,80440800
2022-01-18 00:00:00+00:00,167.24717712402344,169.8000030517578,172.5399932861328,169.41000366210938,171.50999450683594,90956700
2022-01-19 00:00:00+00:00,163.73085021972656,166.22999572753906,171.0800018310547,165.94000244140625,170.0,94815000
2022-01-20 00:00:00+00:00,162.03672790527344,164.50999450683594,169.67999267578125,164.17999267578125,166.97999572753906,91420500
2022-01-21 00:00:00+00:00,159.96829223632812,162.41000366210938,166.3300018310547,162.3000030517578,164.4199981689453,122848900
2022-01-24 00:00:00+00:00,159.19015502929688,161.6199951171875,162.3000030517578,154.6999969482422,160.02000427246094,162294600
2022-01-25 00:00:00+00:00,157.37783813476562,159.77999877929688,162.75999450683594,157.02000427246094,158.97999572753906,115798400
2022-01-26 00:00:00+00:00,157.2891845703125,159.69000244140625,164.38999938964844,157.82000732421875,163.5,108275300
2022-01-27 00:00:00+00:00,156.82627868652344,159.22000122070312,163.83999633789062,158.27999877929688,162.4499969482422,121954600
2022-01-28 00:00:00+00:00,167.76922607421875,170.3300018310547,170.35000610351562,162.8000030517578,165.7100067138672,179935700
2022-01-31 00:00:00+00:00,172.1522979736328,174.77999877929688,175.0,169.50999450683594,170.16000366210938,115541600
2022-02-01 00:00:00+00:00,171.98489379882812,174.61000061035156,174.83999633789062,172.30999755859375,174.00999450683594,86213900
2022-02-02 00:00:00+00:00,173.19639587402344,175.83999633789062,175.8800048828125,173.3300018310547,174.75,84914300
2022-02-03 00:00:00+00:00,170.30056762695312,172.89999389648438,176.24000549316406,172.1199951171875,174.47999572753906,89418100
2022-02-04 00:00:00+00:00,170.01458740234375,172.38999938964844,174.10000610351562,170.67999267578125,171.67999267578125,82465400
2022-02-07 00:00:00+00:00,169.2946319580078,171.66000366210938,173.9499969482422,170.9499969482422,172.86000061035156,77251200
2022-02-08 00:00:00+00:00,172.4209747314453,174.8300018310547,175.35000610351562,171.42999267578125,171.72999572753906,74829200
2022-02-09 00:00:00+00:00,173.85096740722656,176.27999877929688,176.64999389648438,174.89999389648438,176.0500030517578,71285000
2022-02-10 00:00:00+00:00,169.74830627441406,172.1199951171875,175.47999572753906,171.5500030517578,174.13999938964844,90865900
2022-02-11 00:00:00+00:00,166.31626892089844,168.63999938964844,173.0800018310547,168.0399932861328,172.3300018310547,98670700
2022-02-14 00:00:00+00:00,166.55294799804688,168.8800048828125,169.5800018310547,166.55999755859375,167.3699951171875,86185500
2022-02-15 00:00:00+00:00,170.40904235839844,172.7899932861328,172.9499969482422,170.25,170.97000122070312,62527400
2022-02-16 00:00:00+00:00,170.17236328125,172.5500030517578,173.33999633789062,170.0500030517578,171.85000610351562,61177400
2022-02-17 00:00:00+00:00,166.55294799804688,168.8800048828125,171.91000366210938,168.47000122070312,171.02999877929688,69589300
2022-02-18 00:00:00+00:00,164.99472045898438,167.3000030517578,170.5399932861328,166.19000244140625,169.82000732421875,82772700
2022-02-22 00:00:00+00:00,162.0557861328125,164.32000732421875,166.69000244140625,162.14999389648438,164.97999572753906,91162800
2022-02-23 00:00:00+00:00,157.86436462402344,160.07000732421875,166.14999389648438,159.75,165.5399932861328,90009200
2022-02-24 00:00:00+00:00,160.49754333496094,162.74000549316406,162.85000610351562,152.0,152.5800018310547,141147500
2022-02-25 00:00:00+00:00,162.57847595214844,164.85000610351562,165.1199951171875,160.8699951171875,163.83999633789062,91974200
2022-02-28 00:00:00+00:00,162.84474182128906,165.1199951171875,165.4199981689453,162.42999267578125,163.05999755859375,95056600
2022-03-01 00:00:00+00:00,160.95120239257812,163.1999969482422,166.60000610351562,161.97000122070312,164.6999969482422,83474400
2022-03-02 00:00:00+00:00,164.26492309570312,166.55999755859375,167.36000061035156,162.9499969482422,164.38999938964844,79724800
2022-03-03 00:00:00+00:00,163.939453125,166.22999572753906,168.91000366210938,165.5500030517578,168.47000122070312,76678400
2022-03-04 00:00:00+00:00,160.92161560058594,163.1699981689453,165.5500030517578,162.10000610351562,164.49000549316406,83737200
2022-03-07 00:00:00+00:00,157.10494995117188,159.3000030517578,165.02000427246094,159.0399932861328,163.36000061035156,96418800
2022-03-08 00:00:00+00:00,155.27056884765625,157.44000244140625,162.8800048828125,155.8000030517578,158.82000732421875,131148300
2022-03-09 00:00:00+00:00,160.7046356201172,162.9499969482422,163.41000366210938,159.41000366210938,161.47999572753906,91454900
2022-03-10 00:00:00+00:00,156.33567810058594,158.52000427246094,160.38999938964844,155.97999572753906,160.1999969482422,105342000
2022-03-11 00:00:00+00:00,152.597900390625,154.72999572753906,159.27999877929688,154.5,158.92999267578125,96970100
2022-03-14 00:00:00+00:00,148.54454040527344,150.6199951171875,154.1199951171875,150.10000610351562,151.4499969482422,108732100
2022-03-15 00:00:00+00:00,152.95297241210938,155.08999633789062,155.57000732421875,150.3800048828125,150.89999389648438,92964300
2022-03-16 00:00:00+00:00,157.39096069335938,159.58999633789062,160.0,154.4600067138672,157.0500030517578,102300200
2022-03-17 00:00:00+00:00,158.40672302246094,160.6199951171875,161.0,157.6300048828125,158.61000061035156,75615400
2022-03-18 00:00:00+00:00,161.72048950195312,163.97999572753906,164.47999572753906,159.75999450683594,160.50999450683594,123511700
2022-03-21 00:00:00+00:00,163.10118103027344,165.3800048828125,166.35000610351562,163.00999450683594,163.50999450683594,95811400
2022-03-22 00:00:00+00:00,166.4937744140625,168.82000732421875,169.4199981689453,164.91000366210938,165.50999450683594,81532000
2022-03-23 00:00:00+00:00,167.86460876464844,170.2100067138672,172.63999938964844,167.64999389648438,167.99000549316406,98062700
2022-03-24 00:00:00+00:00,171.67141723632812,174.07000732421875,174.13999938964844,170.2100067138672,171.05999755859375,90131400
2022-03-25 00:00:00+00:00,172.31248474121094,174.72000122070312,175.27999877929688,172.75,173.8800048828125,80546200
2022-03-28 00:00:00+00:00,173.1803436279297,175.60000610351562,175.72999572753906,172.0,172.1699981689453,90371900
2022-03-29 00:00:00+00:00,176.49403381347656,178.9600067138672,179.00999450683594,176.33999633789062,176.69000244140625,100589400
2022-03-30 00:00:00+00:00,175.32046508789062,177.77000427246094,179.61000061035156,176.6999969482422,178.5500030517578,92633200
2022-03-31 00:00:00+00:00,172.20399475097656,174.61000061035156,178.02999877929688,174.39999389648438,177.83999633789062,103049300
2022-04-01 00:00:00+00:00,171.9081268310547,174.30999755859375,174.8800048828125,171.94000244140625,174.02999877929688,78751300
2022-04-04 00:00:00+00:00,175.98123168945312,178.44000244140625,178.49000549316406,174.44000244140625,174.57000732421875,76468400
2022-04-05 00:00:00+00:00,172.64776611328125,175.05999755859375,178.3000030517578,174.4199981689453,177.5,73401800
2022-04-06 00:00:00+00:00,169.46229553222656,171.8300018310547,173.6300048828125,170.1300048828125,172.36000061035156,89058800
2022-04-07 00:00:00+00:00,169.76800537109375,172.13999938964844,173.36000061035156,169.85000610351562,171.16000366210938,77594700
2022-04-08 00:00:00+00:00,167.7462615966797,170.08999633789062,171.77999877929688,169.1999969482422,171.77999877929688,76575500
2022-04-11 00:00:00+00:00,163.46607971191406,165.75,169.02999877929688,165.5,168.7100067138672,72246700
2022-04-12 00:00:00+00:00,165.34976196289062,167.66000366210938,169.8699951171875,166.63999938964844,168.02000427246094,79265200
2022-04-13 00:00:00+00:00,168.05198669433594,170.39999389648438,171.0399932861328,166.77000427246094,167.38999938964844,70618900
2022-04-14 00:00:00+00:00,163.01239013671875,165.2899932861328,171.27000427246094,165.0399932861328,170.6199951171875,75329400
2022-04-18 00:00:00+00:00,162.79542541503906,165.07000732421875,166.60000610351562,163.57000732421875,163.9199981689453,69023900
2022-04-19 00:00:00+00:00,165.09332275390625,167.39999389648438,167.82000732421875,163.91000366210938,165.02000427246094,67723800
2022-04-20 00:00:00+00:00,164.92568969726562,167.22999572753906,168.8800048828125,166.10000610351562,168.75999450683594,67929800
2022-04-21 00:00:00+00:00,164.12684631347656,166.4199981689453,171.52999877929688,165.91000366210938,168.91000366210938,87227800
2022-04-22 00:00:00+00:00,159.56063842773438,161.7899932861328,167.8699951171875,161.5,166.4600067138672,84882400
2022-04-25 00:00:00+00:00,160.6356201171875,162.8800048828125,163.1699981689453,158.4600067138672,161.1199951171875,96046400
2022-04-26 00:00:00+00:00,154.63941955566406,156.8000030517578,162.33999633789062,156.72000122070312,162.25,95623200
2022-04-27 00:00:00+00:00,154.41256713867188,156.57000732421875,159.7899932861328,155.3800048828125,155.91000366210938,88063200
2022-04-28 00:00:00+00:00,161.3851318359375,163.63999938964844,164.52000427246094,158.92999267578125,159.25,130216800
2022-04-29 00:00:00+00:00,155.47769165039062,157.64999389648438,166.1999969482422,157.25,161.83999633789062,131747600
2022-05-02 00:00:00+00:00,155.7834014892578,157.9600067138672,158.22999572753906,153.27000427246094,156.7100067138672,123055300
2022-05-03 00:00:00+00:00,157.28245544433594,159.47999572753906,160.7100067138672,156.32000732421875,158.14999389648438,88966500
2022-05-04 00:00:00+00:00,163.7323760986328,166.02000427246094,166.47999572753906,159.25999450683594,159.6699981689453,108256500
2022-05-05 00:00:00+00:00,154.60980224609375,156.77000427246094,164.0800018310547,154.9499969482422,163.85000610351562,130525300
2022-05-06 00:00:00+00:00,155.34068298339844,157.27999877929688,159.44000244140625,154.17999267578125,156.00999450683594,116124600
2022-05-09 00:00:00+00:00,150.18504333496094,152.05999755859375,155.8300018310547,151.49000549316406,154.92999267578125,131577900
2022-05-10 00:00:00+00:00,152.60482788085938,154.50999450683594,156.74000549316406,152.92999267578125,155.52000427246094,115366700
2022-05-11 00:00:00+00:00,144.693603515625,146.5,155.4499969482422,145.80999755859375,153.5,142689800
2022-05-12 00:00:00+00:00,140.80218505859375,142.55999755859375,146.1999969482422,138.8000030517578,142.77000427246094,182602000
2022-05-13 00:00:00+00:00,145.2960662841797,147.11000061035156,148.10000610351562,143.11000061035156,144.58999633789062,113990900
2022-05-16 00:00:00+00:00,143.7454376220703,145.5399932861328,147.52000427246094,144.17999267578125,145.5500030517578,86643800
2022-05-17 00:00:00+00:00,147.39984130859375,149.24000549316406,149.77000427246094,146.67999267578125,148.86000061035156,78336300
2022-05-18 00:00:00+00:00,139.08363342285156,140.82000732421875,147.36000061035156,139.89999389648438,146.85000610351562,109742900
2022-05-19 00:00:00+00:00,135.65646362304688,137.35000610351562,141.66000366210938,136.60000610351562,139.8800048828125,136095600
2022-05-20 00:00:00+00:00,135.89346313476562,137.58999633789062,140.6999969482422,132.61000061035156,139.08999633789062,137426100
2022-05-23 00:00:00+00:00,141.34542846679688,143.11000061035156,143.25999450683594,137.64999389648438,137.7899932861328,117726300
2022-05-24 00:00:00+00:00,138.6293182373047,140.36000061035156,141.97000122070312,137.3300018310547,140.80999755859375,104132700
2022-05-25 00:00:00+00:00,138.787353515625,140.52000427246094,141.7899932861328,138.33999633789062,138.42999267578125,92482700
2022-05-26 00:00:00+00:00,142.00714111328125,143.77999877929688,144.33999633789062,137.13999938964844,137.38999938964844,90601500
2022-05-27 00:00:00+00:00,147.79489135742188,149.63999938964844,149.67999267578125,145.25999450683594,145.38999938964844,90978500
2022-05-31 00:00:00+00:00,147.00477600097656,148.83999633789062,150.66000366210938,146.83999633789062,149.07000732421875,103718400
2022-06-01 00:00:00+00:00,146.87635803222656,148.7100067138672,151.74000549316406,147.67999267578125,149.89999389648438,74286600
2022-06-02 00:00:00+00:00,149.3455352783203,151.2100067138672,151.27000427246094,146.86000061035156,147.8300018310547,72348100
2022-06-03 00:00:00+00:00,143.58743286132812,145.3800048828125,147.97000122070312,144.4600067138672,146.89999389648438,88570300
2022-06-06 00:00:00+00:00,144.33804321289062,146.13999938964844,148.57000732421875,144.89999389648438,147.02999877929688,71598400
2022-06-07 00:00:00+00:00,146.87635803222656,148.7100067138672,149.0,144.10000610351562,144.35000610351562,67808200
2022-06-08 00:00:00+00:00,146.1356201171875,147.9600067138672,149.8699951171875,147.4600067138672,148.5800018310547,53950200
2022-06-09 00:00:00+00:00,140.88121032714844,142.63999938964844,147.9499969482422,142.52999877929688,147.0800018310547,69473000
2022-06-10 00:00:00+00:00,135.43917846679688,137.1300048828125,140.75999450683594,137.05999755859375,140.27999877929688,91437900
2022-06-13 00:00:00+00:00,130.25387573242188,131.8800048828125,135.1999969482422,131.44000244140625,132.8699951171875,122207100
2022-06-14 00:00:00+00:00,131.1230010986328,132.75999450683594,133.88999938964844,131.47999572753906,133.1300048828125,84784300
2022-06-15 00:00:00+00:00,133.76011657714844,135.42999267578125,137.33999633789062,132.16000366210938,134.2899932861328,91533000
2022-06-16 00:00:00+00:00,128.456298828125,130.05999755859375,132.38999938964844,129.0399932861328,132.0800018310547,108123900
2022-06-17 00:00:00+00:00,129.93783569335938,131.55999755859375,133.0800018310547,129.80999755859375,130.07000732421875,134520300
2022-06-21 00:00:00+00:00,134.1946563720703,135.8699951171875,137.05999755859375,133.32000732421875,133.4199981689453,81000500
2022-06-22 00:00:00+00:00,133.68112182617188,135.35000610351562,137.75999450683594,133.91000366210938,134.7899932861328,73409200
2022-06-23 00:00:00+00:00,136.56509399414062,138.27000427246094,138.58999633789062,135.6300048828125,136.82000732421875,72433800
2022-06-24 00:00:00+00:00,139.9132843017578,141.66000366210938,141.91000366210938,139.77000427246094,139.89999389648438,89116800
2022-06-27 00:00:00+00:00,139.9132843017578,141.66000366210938,143.49000549316406,140.97000122070312,142.6999969482422,70207900
2022-06-28 00:00:00+00:00,135.74534606933594,137.44000244140625,143.4199981689453,137.32000732421875,142.1300048828125,67083400
2022-06-29 00:00:00+00:00,137.5132293701172,139.22999572753906,140.6699981689453,136.6699981689453,137.4600067138672,66242400
2022-06-30 00:00:00+00:00,135.0342254638672,136.72000122070312,138.3699951171875,133.77000427246094,137.25,98964500
2022-07-01 00:00:00+00:00,137.21693420410156,138.92999267578125,139.0399932861328,135.66000366210938,136.0399932861328,71051600
2022-07-05 00:00:00+00:00,139.81454467773438,141.55999755859375,141.61000061035156,136.92999267578125,137.77000427246094,73353800
2022-07-06 00:00:00+00:00,141.15774536132812,142.9199981689453,144.1199951171875,141.0800018310547,141.35000610351562,74064300
2022-07-07 00:00:00+00:00,144.5454559326172,146.35000610351562,146.5500030517578,143.27999877929688,143.2899932861328,66253700
2022-07-08 00:00:00+00:00,145.2269287109375,147.0399932861328,147.5500030517578,145.0,145.25999450683594,64547800
2022-07-11 00:00:00+00:00,143.08367919921875,144.8699951171875,146.63999938964844,143.77999877929688,145.6699981689453,63141600
2022-07-12 00:00:00+00:00,144.06149291992188,145.86000061035156,148.4499969482422,145.0500030517578,145.75999450683594,77588800
2022-07-13 00:00:00+00:00,143.69606018066406,145.49000549316406,146.4499969482422,142.1199951171875,142.99000549316406,71185600
2022-07-14 00:00:00+00:00,146.63931274414062,148.47000122070312,148.9499969482422,143.25,144.0800018310547,78140700
2022-07-15 00:00:00+00:00,148.31834411621094,150.1699981689453,150.86000061035156,148.1999969482422,149.77999877929688,76259900
2022-07-18 00:00:00+00:00,145.256591796875,147.07000732421875,151.57000732421875,146.6999969482422,150.74000549316406,81420900
2022-07-19 00:00:00+00:00,149.13809204101562,151.0,151.22999572753906,146.91000366210938,147.9199981689453,82982400
2022-07-20 00:00:00+00:00,151.15296936035156,153.0399932861328,153.72000122070312,150.3699951171875,151.1199951171875,64823400
2022-07-21 00:00:00+00:00,153.43446350097656,155.35000610351562,155.57000732421875,151.94000244140625,154.5,65086600
2022-07-22 00:00:00+00:00,152.19003295898438,154.08999633789062,156.27999877929688,153.41000366210938,155.38999938964844,66675400
2022-07-25 00:00:00+00:00,151.06407165527344,152.9499969482422,155.0399932861328,152.27999877929688,154.00999450683594,53623900
2022-07-26 00:00:00+00:00,149.73069763183594,151.60000610351562,153.08999633789062,150.8000030517578,152.25999450683594,55138700
2022-07-27 00:00:00+00:00,154.8567352294922,156.7899932861328,157.3300018310547,152.16000366210938,152.5800018310547,78620700
2022-07-28 00:00:00+00:00,155.4098358154297,157.35000610351562,157.63999938964844,154.41000366210938,156.97999572753906,81378700
2022-07-29 00:00:00+00:00,160.50621032714844,162.50999450683594,163.6300048828125,159.5,161.24000549316406,101786900
2022-08-01 00:00:00+00:00,159.51849365234375,161.50999450683594,163.58999633789062,160.88999938964844,161.00999450683594,67829400
2022-08-02 00:00:00+00:00,158.03700256347656,160.00999450683594,162.41000366210938,159.6300048828125,160.10000610351562,59907000
2022-08-03 00:00:00+00:00,164.08157348632812,166.1300048828125,166.58999633789062,160.75,160.83999633789062,82507500
2022-08-04 00:00:00+00:00,163.76551818847656,165.80999755859375,167.19000244140625,164.42999267578125,166.00999450683594,55474100
2022-08-05 00:00:00+00:00,163.5380401611328,165.35000610351562,165.85000610351562,163.0,163.2100067138672,56697000
2022-08-08 00:00:00+00:00,163.0632781982422,164.8699951171875,167.80999755859375,164.1999969482422,166.3699951171875,60276900
2022-08-09 00:00:00+00:00,163.1127166748047,164.9199981689453,165.82000732421875,163.25,164.02000427246094,63135500
2022-08-10 00:00:00+00:00,167.38539123535156,169.24000549316406,169.33999633789062,166.89999389648438,167.67999267578125,70170500
2022-08-11 00:00:00+00:00,166.64361572265625,168.49000549316406,170.99000549316406,168.19000244140625,170.05999755859375,57149200
2022-08-12 00:00:00+00:00,170.2140655517578,172.10000610351562,172.1699981689453,169.39999389648438,169.82000732421875,68039400
2022-08-15 00:00:00+00:00,171.29212951660156,173.19000244140625,173.38999938964844,171.35000610351562,171.52000427246094,54091700
2022-08-16 00:00:00+00:00,171.1338653564453,173.02999877929688,173.7100067138672,171.66000366210938,172.77999877929688,56377100
2022-08-17 00:00:00+00:00,172.63717651367188,174.5500030517578,176.14999389648438,172.57000732421875,172.77000427246094,79542000
2022-08-18 00:00:00+00:00,172.24159240722656,174.14999389648438,174.89999389648438,173.1199951171875,173.75,62290100
2022-08-19 00:00:00+00:00,169.6404266357422,171.52000427246094,173.74000549316406,171.30999755859375,173.02999877929688,70346300
2022-08-22 00:00:00+00:00,165.7337188720703,167.57000732421875,169.86000061035156,167.13999938964844,169.69000244140625,69026800
2022-08-23 00:00:00+00:00,165.39743041992188,167.22999572753906,168.7100067138672,166.64999389648438,167.0800018310547,54147100
2022-08-24 00:00:00+00:00,165.69412231445312,167.52999877929688,168.11000061035156,166.25,167.32000732421875,53841500
2022-08-25 00:00:00+00:00,168.16673278808594,170.02999877929688,170.13999938964844,168.35000610351562,168.77999877929688,51218200
2022-08-26 00:00:00+00:00,161.82699584960938,163.6199951171875,171.0500030517578,163.55999755859375,170.57000732421875,78961000
2022-08-29 00:00:00+00:00,159.61155700683594,161.3800048828125,162.89999389648438,159.82000732421875,161.14999389648438,73314000
2022-08-30 00:00:00+00:00,157.16859436035156,158.91000366210938,162.55999755859375,157.72000122070312,162.1300048828125,77906200
2022-08-31 00:00:00+00:00,155.49710083007812,157.22000122070312,160.5800018310547,157.13999938964844,160.30999755859375,87991100
2022-09-01 00:00:00+00:00,156.22901916503906,157.9600067138672,158.4199981689453,154.6699981689453,156.63999938964844,74229900
2022-09-02 00:00:00+00:00,154.10255432128906,155.80999755859375,160.36000061035156,154.97000122070312,159.75,76957800
2022-09-06 00:00:00+00:00,152.83657836914062,154.52999877929688,157.08999633789062,153.69000244140625,156.47000122070312,73714800
2022-09-07 00:00:00+00:00,154.25094604492188,155.9600067138672,156.6699981689453,153.61000061035156,154.82000732421875,87449600
2022-09-08 00:00:00+00:00,152.7673797607422,154.4600067138672,156.36000061035156,152.67999267578125,154.63999938964844,84923800
2022-09-09 00:00:00+00:00,155.64547729492188,157.3699951171875,157.82000732421875,154.75,155.47000122070312,68028800
2022-09-12 00:00:00+00:00,161.63905334472656,163.42999267578125,164.25999450683594,159.3000030517578,159.58999633789062,104956000
2022-09-13 00:00:00+00:00,152.15415954589844,153.83999633789062,160.5399932861328,153.3699951171875,159.89999389648438,122656600
2022-09-14 00:00:00+00:00,153.60804748535156,155.30999755859375,157.10000610351562,153.61000061035156,154.7899932861328,87965400
2022-09-15 00:00:00+00:00,150.70025634765625,152.3699951171875,155.24000549316406,151.3800048828125,154.64999389648438,90481100
2022-09-16 00:00:00+00:00,149.04855346679688,150.6999969482422,151.35000610351562,148.3699951171875,151.2100067138672,162278800
2022-09-19 00:00:00+00:00,152.78713989257812,154.47999572753906,154.55999755859375,149.10000610351562,149.30999755859375,81474200
2022-09-20 00:00:00+00:00,155.18060302734375,156.89999389648438,158.0800018310547,153.0800018310547,153.39999389648438,107689800
2022-09-21 00:00:00+00:00,152.0354766845703,153.72000122070312,158.74000549316406,153.60000610351562,157.33999633789062,101696800
2022-09-22 00:00:00+00:00,151.06622314453125,152.74000549316406,154.47000122070312,150.91000366210938,152.3800048828125,86652500
2022-09-23 00:00:00+00:00,148.78152465820312,150.42999267578125,151.47000122070312,148.55999755859375,151.19000244140625,96029900
2022-09-26 00:00:00+00:00,149.1177978515625,150.77000427246094,153.77000427246094,149.63999938964844,149.66000366210938,93339400
2022-09-27 00:00:00+00:00,150.09695434570312,151.75999450683594,154.72000122070312,149.9499969482422,152.74000549316406,84442700
2022-09-28 00:00:00+00:00,148.197998046875,149.83999633789062,150.63999938964844,144.83999633789062,147.63999938964844,146691400
2022-09-29 00:00:00+00:00,140.91867065429688,142.47999572753906,146.72000122070312,140.67999267578125,146.10000610351562,128138200
2022-09-30 00:00:00+00:00,136.68551635742188,138.1999969482422,143.10000610351562,138.0,141.27999877929688,124925300
2022-10-03 00:00:00+00:00,140.88894653320312,142.4499969482422,143.07000732421875,137.69000244140625,138.2100067138672,114311700
2022-10-04 00:00:00+00:00,144.4989776611328,146.10000610351562,146.22000122070312,144.25999450683594,145.02999877929688,87830100
2022-10-05 00:00:00+00:00,144.79566955566406,146.39999389648438,147.3800048828125,143.00999450683594,144.07000732421875,79471000
2022-10-06 00:00:00+00:00,143.8363037109375,145.42999267578125,147.5399932861328,145.22000122070312,145.80999755859375,68402200
2022-10-07 00:00:00+00:00,138.5548095703125,140.08999633789062,143.10000610351562,139.4499969482422,142.5399932861328,85925600
2022-10-10 00:00:00+00:00,138.88121032714844,140.4199981689453,141.88999938964844,138.57000732421875,140.4199981689453,74899000
2022-10-11 00:00:00+00:00,137.45700073242188,138.97999572753906,141.35000610351562,138.22000122070312,139.89999389648438,77033700
2022-10-12 00:00:00+00:00,136.8240203857422,138.33999633789062,140.36000061035156,138.16000366210938,139.1300048828125,70433700
2022-10-13 00:00:00+00:00,141.42306518554688,142.99000549316406,143.58999633789062,134.3699951171875,134.99000549316406,113224000
2022-10-14 00:00:00+00:00,136.86358642578125,138.3800048828125,144.52000427246094,138.19000244140625,144.30999755859375,88598000
2022-10-17 00:00:00+00:00,140.8494415283203,142.41000366210938,142.89999389648438,140.27000427246094,141.07000732421875,85250900
2022-10-18 00:00:00+00:00,142.17469787597656,143.75,146.6999969482422,140.61000061035156,145.49000549316406,99136600
2022-10-19 00:00:00+00:00,142.2834930419922,143.86000061035156,144.9499969482422,141.5,141.69000244140625,61758300
2022-10-20 00:00:00+00:00,141.8186492919922,143.38999938964844,145.88999938964844,142.64999389648438,143.02000427246094,64522000
2022-10-21 00:00:00+00:00,145.65614318847656,147.27000427246094,147.85000610351562,142.64999389648438,142.8699951171875,86548600
2022-10-24 00:00:00+00:00,147.81224060058594,149.4499969482422,150.22999572753906,146.0,147.19000244140625,75981900
2022-10-25 00:00:00+00:00,150.67059326171875,152.33999633789062,152.49000549316406,149.36000061035156,150.08999633789062,74732300
2022-10-26 00:00:00+00:00,147.71336364746094,149.35000610351562,151.99000549316406,148.0399932861328,150.9600067138672,88194300
2022-10-27 00:00:00+00:00,143.21322631835938,144.8000030517578,149.0500030517578,144.1300048828125,148.07000732421875,109180200
2022-10-28 00:00:00+00:00,154.03335571289062,155.74000549316406,157.5,147.82000732421875,148.1999969482422,164762400
2022-10-31 00:00:00+00:00,151.6596221923828,153.33999633789062,154.24000549316406,151.9199981689453,153.16000366210938,97943200
2022-11-01 00:00:00+00:00,148.9990997314453,150.64999389648438,155.4499969482422,149.1300048828125,155.0800018310547,80379300
2022-11-02 00:00:00+00:00,143.44068908691406,145.02999877929688,152.1699981689453,145.0,148.9499969482422,93604600
2022-11-03 00:00:00+00:00,137.35809326171875,138.8800048828125,142.8000030517578,138.75,142.05999755859375,97918500
2022-11-04 00:00:00+00:00,137.0906219482422,138.3800048828125,142.6699981689453,134.3800048828125,142.08999633789062,140814800
2022-11-07 00:00:00+00:00,137.6255645751953,138.9199981689453,139.14999389648438,135.6699981689453,137.11000061035156,83374600
2022-11-08 00:00:00+00:00,138.20016479492188,139.5,141.42999267578125,137.49000549316406,140.41000366210938,89908500
2022-11-09 00:00:00+00:00,133.61331176757812,134.8699951171875,138.5500030517578,134.58999633789062,138.5,74917800
2022-11-10 00:00:00+00:00,145.50149536132812,146.8699951171875,146.8699951171875,139.5,141.24000549316406,118854000
2022-11-11 00:00:00+00:00,148.3051300048828,149.6999969482422,150.00999450683594,144.3699951171875,145.82000732421875,93979700
2022-11-14 00:00:00+00:00,146.8983612060547,148.27999877929688,150.27999877929688,147.42999267578125,148.97000122070312,73374100
2022-11-15 00:00:00+00:00,148.6419677734375,150.0399932861328,153.58999633789062,148.55999755859375,152.22000122070312,89868300
2022-11-16 00:00:00+00:00,147.40359497070312,148.7899932861328,149.8699951171875,147.2899932861328,149.1300048828125,64218300
2022-11-17 00:00:00+00:00,149.3156280517578,150.72000122070312,151.47999572753906,146.14999389648438,146.42999267578125,80389400
2022-11-18 00:00:00+00:00,149.88031005859375,151.2899932861328,152.6999969482422,149.97000122070312,152.30999755859375,74829600
2022-11-21 00:00:00+00:00,146.63087463378906,148.00999450683594,150.3699951171875,147.72000122070312,150.16000366210938,58724100
2022-11-22 00:00:00+00:00,148.78065490722656,150.17999267578125,150.4199981689453,146.92999267578125,148.1300048828125,51804100
2022-11-23 00:00:00+00:00,149.6623992919922,151.07000732421875,151.8300018310547,149.33999633789062,149.4499969482422,58301400
2022-11-25 00:00:00+00:00,146.7299346923828,148.11000061035156,148.8800048828125,147.1199951171875,148.30999755859375,35195900
2022-11-28 00:00:00+00:00,142.87620544433594,144.22000122070312,146.63999938964844,143.3800048828125,145.13999938964844,69246000
2022-11-29 00:00:00+00:00,139.8546142578125,141.1699981689453,144.80999755859375,140.35000610351562,144.2899932861328,83763800
2022-11-30 00:00:00+00:00,146.6506805419922,148.02999877929688,148.72000122070312,140.5500030517578,141.39999389648438,111380900
2022-12-01 00:00:00+00:00,146.92807006835938,148.30999755859375,149.1300048828125,146.61000061035156,148.2100067138672,71250400
2022-12-02 00:00:00+00:00,146.4327392578125,147.80999755859375,148.0,145.64999389648438,145.9600067138672,65447400
2022-12-05 00:00:00+00:00,145.26376342773438,146.6300048828125,150.9199981689453,145.77000427246094,147.77000427246094,68826400
2022-12-06 00:00:00+00:00,141.57839965820312,142.91000366210938,147.3000030517578,141.9199981689453,147.07000732421875,64727200
2022-12-07 00:00:00+00:00,139.6267547607422,140.94000244140625,143.3699951171875,140.0,142.19000244140625,69721100
2022-12-08 00:00:00+00:00,141.32081604003906,142.64999389648438,143.52000427246094,141.10000610351562,142.36000061035156,62128300
2022-12-09 00:00:00+00:00,140.83538818359375,142.16000366210938,145.57000732421875,140.89999389648438,142.33999633789062,76097000
2022-12-12 00:00:00+00:00,143.1436767578125,144.49000549316406,144.5,141.05999755859375,142.6999969482422,70462700
2022-12-13 00:00:00+00:00,144.11456298828125,145.47000122070312,149.97000122070312,144.24000549316406,149.5,93886200
2022-12-14 00:00:00+00:00,141.8756103515625,143.2100067138672,146.66000366210938,141.16000366210938,145.35000610351562,82291200
2022-12-15 00:00:00+00:00,135.22813415527344,136.5,141.8000030517578,136.02999877929688,141.11000061035156,98931900
2022-12-16 00:00:00+00:00,133.2566680908203,134.50999450683594,137.64999389648438,133.72999572753906,136.69000244140625,160156900
2022-12-19 00:00:00+00:00,131.1365966796875,132.3699951171875,135.1999969482422,131.32000732421875,135.11000061035156,79592600
2022-12-20 00:00:00+00:00,131.06727600097656,132.3000030517578,133.25,129.88999938964844,131.38999938964844,77432800
2022-12-21 00:00:00+00:00,134.18792724609375,135.4499969482422,136.80999755859375,132.75,132.97999572753906,85928000
2022-12-22 00:00:00+00:00,130.99790954589844,132.22999572753906,134.55999755859375,130.3000030517578,134.35000610351562,77852100
2022-12-23 00:00:00+00:00,130.63134765625,131.86000061035156,132.4199981689453,129.63999938964844,130.9199981689453,63814900
2022-12-27 00:00:00+00:00,128.81842041015625,130.02999877929688,131.41000366210938,128.72000122070312,131.3800048828125,69007800
2022-12-28 00:00:00+00:00,124.86559295654297,126.04000091552734,131.02999877929688,125.87000274658203,129.6699981689453,85438400
2022-12-29 00:00:00+00:00,128.40234375,129.61000061035156,130.47999572753906,127.7300033569336,127.98999786376953,75703700
2022-12-30 00:00:00+00:00,128.71934509277344,129.92999267578125,129.9499969482422,127.43000030517578,128.41000366210938,77034200
